FLIGHT REG,AGE
N455MB,19 years
B-222J,Brand new
B-2077,13 years
B-223A,Brand new
B-222N,Brand new
B-221S,1 year
B-2076,13 years
B-222V,Brand new
B-220E,2 years
B-2082,11 years
B-2083,11 years
B-220F,2 years
B-222K,Brand new
B-222H,Brand new
B-221W,1 year
N251SY,6 years
N261SY,5 years
N246SY,6 years
N241SY,6 years
N247SY,6 years
N307SY,2 years
N614CZ,15 years
N313SY,Brand new
N310SY,Brand new
N607CZ,15 years
N297SY,3 years
N259SY,6 years
N603CZ,15 years
N311SY,Brand new
N250SY,6 years
N604CZ,16 years
N613CZ,15 years
N323SY,1 year
N312SY,1 year
N306SY,2 years
N280SY,4 years
N625CA,19 years
N641CA,19 years
N162PQ,15 years
N712EV,20 years
N607SK,17 years
N609SK,21 years
N608SK,17 years
N804SK,16 years
N692CA,16 years
N554CA,15 years
N806SK,16 years
N836SK,4 years
N822SK,14 years
N549CA,15 years
N803SK,16 years
N840SK,2 years
N838SK,3 years
N689CA,15 years
N809SK,16 years
N170PQ,15 years
N805SK,16 years
N816SK,16 years
N802SK,16 years
N679CA,15 years
N832SK,4 years
N161PQ,15 years
N187PQ,14 years
N800SK,16 years
N897SK,16 years
N839SK,4 years
N824SK,14 years
N817SK,16 years
N693CA,15 years
N827SK,4 years
N831SK,4 years
N304SY,2 years
N830SK,4 years
N829SK,4 years
N834SK,4 years
N442SW,21 years
N873AS,21 years
N702BR,22 years
N506CA,20 years
N922EV,19 years
N498CA,20 years
N936EV,18 years
N477CA,20 years
N926EV,19 years
N459SW,20 years
N921EV,19 years
N449SW,20 years
N461SW,20 years
N460SW,20 years
N878AS,21 years
N446SW,20 years
N874AS,21 years
N445SW,21 years
N439SW,21 years
N293SY,4 years
N258SY,6 years
N295SY,4 years
N243SY,6 years
N254SY,6 years
N242SY,6 years
N256SY,6 years
N308SY,2 years
N305SY,2 years
N294SY,4 years
N253SY,6 years
N303SY,2 years
N252SY,6 years
N276SY,4 years
N260SY,5 years
N813SK,16 years
N548CA,15 years
N898SK,16 years
N823SK,14 years
N899SK,16 years
N827NW,7 years
N823NW,8 years
N831NW,6 years
N826NW,7 years
N824NW,7 years
N830NW,6 years
N416DX,1 year
N828NW,6 years
N822NW,8 years
N825NW,7 years
N812NW,16 years
N820NW,15 years
N415DX,Brand new
N817NW,16 years
N408DX,2 years
N813NW,16 years
N804NW,19 years
N803NW,19 years
N808NW,19 years
N821NW,15 years
N407DX,3 years
N810NW,17 years
N409DX,2 years
N420DX,Brand new
N806NW,19 years
N818NW,15 years
N815NW,16 years
N816NW,16 years
N802NW,19 years
N807NW,19 years
N811NW,17 years
N801NW,20 years
N809NW,18 years
N805NW,19 years
N859NW,17 years
N414DZ,Brand new
N829NW,6 years
N814NW,16 years
N819NW,15 years
N419DX,Brand new
N411DX,2 years
N404DX,3 years
N417DX,1 year
N418DX,1 year
N853NW,18 years
N412DX,1 year
N403DX,3 years
N860NW,16 years
N861NW,16 years
N854NW,18 years
N857NW,18 years
N855NW,18 years
N852NW,18 years
N858NW,17 years
N405DX,3 years
N410DZ,2 years
N402DX,3 years
N406DX,3 years
N401DZ,4 years
N828MH,22 years
N827MH,23 years
N838MH,22 years
N843MH,21 years
N844MH,21 years
N835MH,22 years
N837MH,22 years
N833MH,22 years
N907XJ,15 years
N186PQ,14 years
N605LR,15 years
N313PQ,9 years
N924XJ,15 years
N349PQ,8 years
N303PQ,9 years
N181PQ,15 years
N913XJ,15 years
N695CA,15 years
N316PQ,9 years
N293PQ,9 years
N153PQ,15 years
N903XJ,15 years
N200PQ,14 years
N936XJ,14 years
N604LR,15 years
N308PQ,9 years
N330PQ,8 years
N325PQ,8 years
N298PQ,9 years
N307PQ,9 years
N296PQ,9 years
N319PQ,8 years
N184GJ,15 years
N691CA,15 years
N135EV,14 years
N929XJ,14 years
N329PQ,8 years
N147PQ,15 years
N292PQ,9 years
N228PQ,14 years
N606LR,15 years
N901XJ,16 years
N928XJ,14 years
N909XJ,15 years
N932XJ,14 years
N309PQ,9 years
N302PQ,9 years
N294PQ,9 years
N320PQ,8 years
N195PQ,14 years
N485PX,2 years
N131EV,14 years
N336PQ,8 years
N908XJ,15 years
N935XJ,14 years
N600LR,15 years
N923XJ,15 years
N279PQ,9 years
N582CA,15 years
N676CA,15 years
N905XJ,15 years
N921XJ,15 years
N187GJ,15 years
N232PQ,14 years
N181GJ,14 years
N478PX,3 years
N197PQ,14 years
N926XJ,14 years
N314PQ,9 years
N176PQ,15 years
N491PX,2 years
N337PQ,8 years
N304PQ,9 years
N930XJ,14 years
N183GJ,14 years
N306PQ,9 years
N371CA,20 years
N335PQ,8 years
N937XJ,14 years
N326PQ,8 years
N133EV,14 years
N295PQ,9 years
N311PQ,9 years
N305PQ,9 years
N166PQ,15 years
N601LR,15 years
N8903A,19 years
N601XJ,17 years
N834AY,18 years
N8908D,19 years
N8970D,18 years
N931XJ,14 years
N910XJ,15 years
N300PQ,9 years
N678CA,15 years
N136EV,14 years
N607LR,15 years
N927XJ,14 years
N297PQ,9 years
N324PQ,8 years
N301PQ,9 years
N272PQ,11 years
N906XJ,15 years
N915XJ,15 years
N348PQ,8 years
N925XJ,15 years
N341PQ,8 years
N146PQ,15 years
N315PQ,9 years
N482PX,3 years
N919XJ,15 years
N479PX,3 years
N538CA,15 years
N134EV,14 years
N310PQ,9 years
N137EV,14 years
N331PQ,8 years
N299PQ,9 years
N602LR,15 years
N132EV,14 years
N182GJ,15 years
EI-FNH,6 years
EI-DUZ,15 years
EI-EAV,14 years
EI-FNG,6 years
EI-EIL,15 years
EI-EIM,3 years
EC-MAJ,14 years
EI-GAJ,6 years
EI-EDY,13 years
EI-EIN,3 years
EI-EIK,16 years
N334SM,3 years
N303RG,5 years
N326SJ,3 years
N328RR,4 years
N316SE,4 years
N321RL,4 years
N302SA,4 years
N341RW,4 years
N306RC,5 years
N327SK,3 years
N308RD,5 years
N302SS,2 years
N329SL,3 years
N324RA,5 years
N338ST,2 years
N304RB,5 years
N310RF,5 years
N323SG,4 years
N336SR,3 years
N306SP,3 years
N338RS,4 years
N339SU,2 years
N343RY,4 years
N335RT,4 years
N318SF,4 years
N801NN,13 years
N937NN,9 years
N324SH,3 years
N315SD,4 years
N314RH,5 years
N324RN,4 years
N335SN,3 years
N342RX,4 years
N313SB,4 years
N955NN,8 years
N303RE,5 years
N326RP,4 years
N378SC,4 years
N323RM,4 years
N336RU,4 years
N315RJ,5 years
N350RV,4 years
N316RK,4 years
N306SW,1 year
N341SV,2 years
N765US,22 years
N803AW,24 years
N813AW,23 years
N778XF,13 years
N752US,22 years
N748UW,22 years
N812AW,23 years
N775XF,19 years
N754UW,22 years
N702UW,24 years
N757UW,22 years
N745VJ,22 years
N836AW,17 years
N733UW,23 years
N753US,22 years
N762US,22 years
N835AW,18 years
N744P,22 years
N807AW,23 years
N837AW,17 years
N768US,22 years
N750UW,22 years
N827AW,21 years
N108UW,23 years
N105UW,23 years
N649AW,25 years
N110UW,23 years
N679AW,17 years
N838AW,17 years
N755US,22 years
N119US,22 years
N111US,23 years
N114UW,23 years
N128UW,13 years
N732US,23 years
N814AW,22 years
N126UW,13 years
N127UW,13 years
N673AW,18 years
N117UW,23 years
N831AW,21 years
N118US,22 years
N121UW,22 years
N180US,21 years
N554UW,11 years
N184US,21 years
N521UW,13 years
N546UW,11 years
N918US,8 years
N152UW,10 years
N567UW,9 years
N161UW,22 years
N169UW,22 years
N914UY,8 years
N542UW,13 years
N917UY,8 years
N579UW,9 years
N181UW,21 years
N197UW,13 years
N155UW,9 years
N925UY,7 years
N581UW,8 years
N188US,21 years
N563UW,10 years
N179UW,21 years
N537UW,13 years
N926UW,7 years
N573UW,9 years
N156UW,9 years
N572UW,9 years
N519UW,14 years
N157UW,9 years
N977UY,10 years
N508AY,14 years
N535UW,13 years
N923US,8 years
N585UW,8 years
N583UW,8 years
N921US,8 years
N536UW,13 years
N973UY,11 years
N982VJ,10 years
N189UW,22 years
N556UW,10 years
N553UW,11 years
N167US,22 years
N971UY,8 years
N192UW,22 years
N976UY,10 years
N970UY,13 years
N912UY,8 years
N981UY,9 years
N927UW,7 years
N437AN,1 year
N915US,8 years
N153UW,10 years
N972UY,13 years
N580UW,8 years
N191UW,22 years
N171US,22 years
N919US,8 years
N163US,22 years
N545UW,11 years
N562UW,10 years
N578UW,9 years
N194UW,14 years
N183UW,21 years
N559UW,10 years
N980UY,9 years
N975UY,11 years
N195UW,14 years
N196UW,14 years
N165US,22 years
N162UW,22 years
N538UW,13 years
N509AY,14 years
N978UY,10 years
N523UW,13 years
N174US,22 years
N551UW,11 years
N173US,22 years
N182UW,21 years
N402YX,9 years
N419YX,9 years
N442YX,8 years
N132HQ,15 years
N109HQ,16 years
N114HQ,15 years
N436YX,8 years
N416YX,9 years
N129HQ,15 years
N102HQ,16 years
N420YX,9 years
N440YX,8 years
N406YX,9 years
N403YX,9 years
N421YX,9 years
N431YX,8 years
N447YX,8 years
N432YX,8 years
N410YX,9 years
N123HQ,15 years
N106HQ,16 years
N409YX,9 years
N429YX,8 years
N443YX,8 years
N108HQ,16 years
N427YX,9 years
N401YX,9 years
N446YX,8 years
N414YX,9 years
N417YX,9 years
N413YX,9 years
N444YX,8 years
N103HQ,16 years
N124HQ,15 years
N445YX,8 years
N439YX,8 years
N135HQ,15 years
N405YX,9 years
N441YX,8 years
N107HQ,16 years
N412YX,9 years
N128HQ,15 years
N451YX,2 years
N119HQ,15 years
N136HQ,14 years
N104HQ,16 years
N424YX,9 years
N411YX,9 years
N434YX,8 years
N116HQ,15 years
N453YX,1 year
N418YX,9 years
N126HQ,15 years
N138HQ,14 years
N407YX,9 years
N448YX,2 years
N117HQ,15 years
N118HQ,15 years
N112HQ,15 years
N101HQ,16 years
N426YX,9 years
N105HQ,16 years
N430YX,8 years
N450YX,2 years
N134HQ,15 years
N422YX,9 years
N428YX,9 years
N131HQ,15 years
N115HQ,15 years
N121HQ,15 years
N137HQ,14 years
N120HQ,15 years
N449YX,2 years
N438YX,8 years
N133HQ,15 years
N423YX,9 years
N856NW,18 years
N851NW,18 years
N841MH,21 years
N826MH,23 years
N842MH,21 years
N840MH,22 years
N829MH,22 years
N834MH,22 years
N839MH,22 years
N175DZ,24 years
N180DN,31 years
N182DN,30 years
N1201P,25 years
N927NN,10 years
N824NN,13 years
N959AN,22 years
N918AN,23 years
N771AN,24 years
N929NN,9 years
N832NN,13 years
N993NN,6 years
N854NN,12 years
N965NN,8 years
N913NN,10 years
N821NN,13 years
N842NN,12 years
N844NN,12 years
N955AN,22 years
N995NN,6 years
N959NN,8 years
N941AN,22 years
N868NN,11 years
N812NN,13 years
N342PM,5 years
N827NN,13 years
N968AN,21 years
N964AN,22 years
N952NN,8 years
N941NN,9 years
N996NN,6 years
N859NN,12 years
N942AN,22 years
N990AN,13 years
N914NN,10 years
N877NN,11 years
N864NN,12 years
N884NN,11 years
N998NN,6 years
N957NN,8 years
N883NN,10 years
N846NN,12 years
N805NN,13 years
N925AN,23 years
N991NN,7 years
N879NN,11 years
N874NN,11 years
N881NN,11 years
N954AN,22 years
N816NN,13 years
N839NN,13 years
N860NN,12 years
N893NN,10 years
N904NN,10 years
N885NN,11 years
N818NN,13 years
N822NN,13 years
N923NN,10 years
N916NN,10 years
N934NN,9 years
N872NN,11 years
N946AN,22 years
N851NN,12 years
N814NN,13 years
N992NN,6 years
N980NN,7 years
N939NN,9 years
N975AN,21 years
N887NN,11 years
N871NN,11 years
N933NN,9 years
N898NN,10 years
N932NN,9 years
N950NN,9 years
N938AN,22 years
N826NN,13 years
N988AL,6 years
N837NN,13 years
N811NN,13 years
N905NN,10 years
N825NN,13 years
N977NN,7 years
N920NN,10 years
N949AN,22 years
N845NN,12 years
N828AW,21 years
N855NN,12 years
N976NN,7 years
N809NN,13 years
N800NN,13 years
N956AN,22 years
N357PV,5 years
N870NN,11 years
N301NW,6 years
N964NN,8 years
N915NN,10 years
N960NN,8 years
N981AN,14 years
N948AN,22 years
N934AN,23 years
N850NN,12 years
N894NN,10 years
N929AN,23 years
N843NN,12 years
N926NN,10 years
N962AN,22 years
N972AN,21 years
N972NN,7 years
N938NN,9 years
N946NN,9 years
N963NN,8 years
N836NN,13 years
N971NN,8 years
N314PD,6 years
N804NN,13 years
N852NN,12 years
N986NN,7 years
N958NN,8 years
N997NN,6 years
N939AN,22 years
N355PU,5 years
N853NN,12 years
N967NN,8 years
N991AN,13 years
N830NN,13 years
N833NN,13 years
N803NN,13 years
N831NN,13 years
N847NN,12 years
N931AN,23 years
N974AN,21 years
N880NN,11 years
N970NN,8 years
N917NN,10 years
N947NN,9 years
N802NN,13 years
N834NN,13 years
N889NN,11 years
N849NN,12 years
N815NN,13 years
N806NN,13 years
N952AA,22 years
N915AN,23 years
N734AR,7 years
N856NN,12 years
N973AN,21 years
N989AN,13 years
N337PJ,6 years
N936AN,22 years
N987NN,7 years
N344PP,5 years
N987AN,14 years
N967AN,21 years
N857NN,12 years
N922NN,10 years
N945NN,9 years
N813NN,13 years
N309PC,6 years
N980AN,14 years
N907NN,10 years
N960AN,22 years
N942NN,9 years
N984NN,7 years
N876NN,11 years
N820NN,13 years
N989NN,7 years
N965AN,21 years
N358PW,5 years
N976AN,21 years
N988NN,7 years
N346PR,5 years
N896NN,10 years
N756AM,21 years
N352PS,5 years
N950AN,22 years
N947AN,22 years
N890NN,11 years
N971AN,21 years
N969NN,8 years
N848NN,12 years
N891NN,11 years
N305NX,6 years
N930AN,23 years
N940NN,9 years
N936NN,9 years
N990NN,7 years
N924AN,23 years
N969AN,21 years
N935NN,9 years
N808NN,13 years
N951NN,9 years
N823NN,13 years
N906NN,10 years
N968NN,8 years
N343PN,5 years
N886NN,11 years
N901NN,10 years
N961NN,8 years
N2047J,3 years
N2060J,2 years
N625JB,17 years
N559JB,20 years
N597JB,18 years
N2027J,3 years
N2043J,3 years
N2059J,2 years
N2002J,3 years
N2102J,2 years
N652JB,16 years
N973JT,4 years
N907JB,9 years
N2029J,3 years
N2016J,3 years
N2017J,3 years
N2084J,2 years
N2048J,3 years
N2086J,2 years
N957JB,7 years
N657JB,16 years
N2039J,3 years
N589JB,19 years
N905JB,9 years
N649JB,16 years
N659JB,15 years
N634JB,17 years
N615JB,17 years
N766JB,14 years
N571JB,19 years
N562JB,20 years
N705JB,15 years
N651JB,16 years
N534JB,21 years
N648JB,16 years
N709JB,15 years
N779JB,14 years
N612JB,18 years
N708JB,15 years
N598JB,18 years
N570JB,19 years
N903JB,9 years
N958JB,7 years
N949JT,8 years
N995JL,4 years
N966JT,6 years
N527JL,21 years
N588JB,19 years
N965JT,7 years
N913JB,9 years
N954JB,7 years
N996JL,4 years
N950JT,7 years
N972JT,6 years
N952JB,7 years
N974JT,6 years
N971JT,6 years
N975JT,6 years
N970JB,6 years
N999JQ,4 years
N997JL,4 years
N959JB,7 years
N956JT,7 years
N2038J,3 years
N633JB,17 years
N561JB,20 years
N594JB,18 years
N644JB,16 years
N558JB,20 years
N658JB,15 years
N599JB,18 years
N768JB,14 years
N661JB,15 years
N552JB,20 years
N635JB,17 years
N579JB,19 years
N621JB,17 years
N655JB,16 years
N608JB,18 years
N580JB,19 years
N763JB,14 years
N804JB,11 years
N16065,23 years
N174DZ,24 years
N190DN,26 years
N198DN,25 years
N1604R,24 years
N177DZ,24 years
N169DZ,24 years
N1603,24 years
N173DZ,24 years
N1605,23 years
N1602,24 years
N1200K,25 years
N188DN,26 years
N197DN,25 years
N189DN,26 years
N195DN,25 years
N176DZ,24 years
N178DZ,22 years
N171DZ,24 years
N836MH,22 years
N845MH,21 years
N172DZ,24 years
N186DN,27 years
N3121J,Brand new
N3102J,1 year
N3115J,Brand new
N3058J,1 year
N3118J,Brand new
N3125J,Brand new
N3077J,1 year
N3104J,1 year
N3008J,2 years
N3112J,Brand new
N3062J,1 year
N3023J,2 years
N3065J,1 year
N3113J,Brand new
N3085J,1 year
N3044J,2 years
N636JB,17 years
N566JB,19 years
N729JB,14 years
N646JB,16 years
N712JB,14 years
N806JB,10 years
N334JB,11 years
N203JB,17 years
N190JB,17 years
N193JB,17 years
N368JB,10 years
N231JB,17 years
N358JB,10 years
N346JB,11 years
N184JB,17 years
N265JB,16 years
N258JB,16 years
N283JB,15 years
N284JB,15 years
N206JB,17 years
N192JB,17 years
N317JB,12 years
N281JB,15 years
N183JB,17 years
N521JB,22 years
N267JB,16 years
N355JB,10 years
N373JB,10 years
N187JB,17 years
N238JB,16 years
N556JB,20 years
N524JB,21 years
N503JB,23 years
N902XJ,16 years
N918XJ,15 years
N933XJ,14 years
N602XJ,17 years
N833AY,18 years
N980EV,20 years
N685BR,20 years
N840AY,18 years
N8839E,19 years
N8869B,19 years
N8847A,19 years
N8946A,19 years
N820AY,18 years
N686BR,20 years
N8877A,19 years
N8918B,19 years
N832MH,22 years
N825MH,23 years
N830MH,22 years
N831MH,22 years
N413DX,Brand new
D-AIHW,14 years
D-AIHY,14 years
D-AIHZ,14 years
D-AIKO,14 years
D-AIGP,24 years
D-AIFC,22 years
D-AIGS,23 years
D-AIKR,11 years
D-AIKM,15 years
D-AIKP,11 years
D-AIGN,25 years
D-AIFE,21 years
D-AIKK,15 years
D-AIKN,15 years
D-AIKL,15 years
D-AIKS,9 years
D-ABVW,24 years
D-ABVU,24 years
D-ABTK,21 years
D-ABVM,25 years
D-ABVX,23 years
D-ABVY,22 years
D-ABVZ,22 years
D-ABYA,11 years
D-ABYJ,9 years
D-ABYR,8 years
D-ABYP,8 years
D-ABYO,9 years
D-ABYN,9 years
D-ABYG,10 years
D-ABYC,10 years
D-ABYK,9 years
D-ABYS,8 years
D-ABYL,9 years
D-ABYH,10 years
D-ABYT,8 years
D-ABYF,10 years
D-ABYU,8 years
D-ABYI,10 years
D-ABYQ,8 years
D-ABYM,9 years
D-ABYD,10 years
HP-1835CMP,9 years
HP-1840CMP,8 years
HP-1834CMP,9 years
HP-1832CMP,9 years
HP-1848CMP,7 years
HP-1839CMP,8 years
HP-1843CMP,8 years
HP-1831CMP,10 years
HP-1842CMP,8 years
HP-1837CMP,9 years
HP-1844CMP,8 years
HP-1841CMP,8 years
HP-1847CMP,7 years
HP-1727CMP,11 years
HP-1821CMP,11 years
HP-1833CMP,9 years
HP-1849CMP,7 years
HP-1725CMP,11 years
HP-1836CMP,9 years
HP-1826CMP,10 years
HP-1846CMP,8 years
HP-1829CMP,10 years
HP-1851CMP,7 years
HP-1845CMP,8 years
HP-1825CMP,10 years
HP-1830CMP,10 years
HP-1729CMP,11 years
HP-1838CMP,8 years
HP-1728CMP,11 years
HP-1827CMP,10 years
HP-1828CMP,10 years
HP-1822CMP,11 years
HP-1823CMP,10 years
HP-1726CMP,11 years
HP-1730CMP,11 years
HP-9906CMP,4 years
N591JB,18 years
N197JB,17 years
N274JB,16 years
N279JB,15 years
N307JB,14 years
N339JB,11 years
N337JB,11 years
N329JB,12 years
N247JB,16 years
N328JB,12 years
N375JB,9 years
N354JB,10 years
N306JB,14 years
N304JB,14 years
N323JB,12 years
N236JB,16 years
N216JB,17 years
N179JB,17 years
N955JB,7 years
N998JE,4 years
N348JB,11 years
N976JT,6 years
N662JB,15 years
N547JB,20 years
N266JB,16 years
N318JB,12 years
N309JB,14 years
N324JB,12 years
N351JB,10 years
N519JB,22 years
N529JB,21 years
N794JB,11 years
N920CG,3 years
N934AG,3 years
N963AV,1 year
N967AV,Brand new
N965AV,Brand new
N940AV,Brand new
N937AV,2 years
N959AV,9 years
N775AV,4 years
N964AV,Brand new
N962AV,1 year
N762AV,3 years
N938AV,3 years
N765AV,5 years
N751AV,6 years
N818AV,3 years
N764AV,5 years
N726AV,8 years
N557AV,11 years
N776AV,4 years
N691AV,14 years
N740AV,8 years
N743AV,7 years
N647AV,14 years
N748AV,7 years
N766AV,5 years
N723AV,8 years
N519AV,11 years
N422AV,13 years
N745AV,7 years
N694AV,9 years
N690AV,9 years
N695AV,9 years
N730AV,8 years
N454AV,10 years
EI-IFB,4 years
EI-EJO,10 years
EI-IFC,3 years
EI-IFE,4 years
EI-IFD,3 years
EI-IFF,1 year
EI-EJK,11 years
EI-IFA,3 years
EI-EJP,10 years
EI-EJL,11 years
EI-EJG,13 years
EI-EJM,11 years
EI-DIP,22 years
EI-EJH,12 years
N8986B,18 years
N8933B,19 years
N924EV,19 years
N8928A,19 years
N8974C,18 years
N8976E,18 years
N398CA,19 years
N8837B,20 years
N835AY,18 years
N904XJ,15 years
N490PX,2 years
N917XJ,15 years
N914XJ,15 years
N916XJ,15 years
N249JB,16 years
N239JB,16 years
N228JB,17 years
N198JB,17 years
N273JB,16 years
N292JB,15 years
N948JB,8 years
N994JL,5 years
N590JB,18 years
N516JB,22 years
N504JB,23 years
N505JB,23 years
N517JB,22 years
N520JB,22 years
N563JB,20 years
N506JB,23 years
N993JE,5 years
N568JB,19 years
N630JB,17 years
N536JB,21 years
N784JB,12 years
N746JB,14 years
N507JT,23 years
N645JB,16 years
N583JB,19 years
N961JT,7 years
N653JB,16 years
N353JB,10 years
N374JB,9 years
N316JB,13 years
N946JL,8 years
N595JB,18 years
N296JB,14 years
N294JB,15 years
N592JB,18 years
N807JB,10 years
N834JB,9 years
N980JT,5 years
N989JT,5 years
N509JB,22 years
N656JB,16 years
N618JB,17 years
N828JB,9 years
N535JB,21 years
N865DN,6 years
N891DN,5 years
N898DN,4 years
N923DZ,4 years
N813DN,9 years
N900DU,4 years
N828DN,8 years
N901DN,4 years
N890DN,5 years
N835DN,8 years
N830DN,8 years
N912DU,4 years
N895DN,5 years
N838DN,8 years
N887DN,5 years
N801DZ,9 years
N914DU,4 years
N930DZ,3 years
N846DN,7 years
N899DN,4 years
N927DZ,3 years
N884DN,5 years
N831DN,8 years
N911DQ,4 years
N929DZ,3 years
N365NW,24 years
N121DU,3 years
N335NW,30 years
N361NW,24 years
N355NW,25 years
N368NW,24 years
N331NW,31 years
N127DU,3 years
N348NW,30 years
N340NW,30 years
N343NW,30 years
N359NW,24 years
N377NW,19 years
N105DU,4 years
N336NW,30 years
N358NW,25 years
N362NW,24 years
N323US,31 years
N350NA,30 years
N370NW,23 years
N334NW,30 years
N374NW,21 years
N351NW,25 years
N119DU,3 years
N309US,32 years
N337NW,30 years
N111DC,2 years
N314DN,6 years
N320DN,6 years
N306DN,6 years
N383DZ,3 years
N395DZ,3 years
N323DN,5 years
N345DN,5 years
N103DY,3 years
N348DN,5 years
N119DN,2 years
N101DQ,3 years
N370DN,4 years
N357DN,4 years
N397DN,3 years
N313DN,6 years
N127DN,1 year
N334DN,6 years
N352DN,5 years
N115DN,2 years
N124DX,1 year
N315DN,6 years
N378DN,3 years
N381DZ,4 years
N112DN,2 years
N356DN,4 years
N322DN,5 years
N374DX,4 years
N325DN,5 years
N311DN,6 years
N329DN,5 years
N393DN,3 years
N387DN,3 years
N126DN,1 year
N390DN,3 years
N367DN,4 years
N364DX,4 years
N341DN,5 years
N375DN,4 years
N350DN,5 years
N354DN,4 years
N391DN,3 years
N394DX,3 years
N360DN,4 years
N113DX,2 years
N326DN,5 years
N310DN,6 years
N309DN,6 years
N305DN,6 years
N321DH,5 years
N385DZ,3 years
N118DY,2 years
N658DL,33 years
N6704Z,23 years
N540US,27 years
N693DL,24 years
N667DN,32 years
N695DL,24 years
N556NW,21 years
N670DN,31 years
N557NW,20 years
N6714Q,22 years
N686DA,27 years
N688DL,24 years
N539US,27 years
N682DA,30 years
N696DL,24 years
N547US,26 years
N104DN,2 years
N140DU,2 years
N142DU,1 year
N388DN,3 years
N681DA,30 years
N328DN,5 years
N330DX,5 years
N377DN,4 years
N303DN,7 years
N353DN,4 years
N347DN,4 years
N339DN,5 years
N386DN,3 years
N361DN,4 years
N106DN,2 years
N105DX,2 years
N122DN,2 years
N365DN,4 years
N312DN,6 years
N107DN,2 years
N324DX,5 years
N349DX,4 years
N379DN,4 years
N337DN,5 years
N317DN,6 years
N120DN,2 years
N123DW,2 years
N371DN,4 years
N117DX,2 years
N343DN,5 years
N380DN,3 years
N316DN,6 years
N318DX,6 years
N368DN,4 years
N336DX,5 years
N346DN,5 years
N304DN,6 years
N102DN,3 years
N362DN,4 years
N331DN,5 years
N392DN,3 years
N301DV,7 years
N302DN,7 years
N338DN,5 years
N125DN,1 year
N129DN,1 year
N396DN,3 years
N355DN,4 years
N398DN,3 years
N351DN,4 years
N108DN,2 years
N502DX,1 year
N110DX,2 years
N307DX,6 years
N319DN,6 years
N335DN,5 years
N372DN,4 years
N389DN,4 years
N109DN,1 year
N359DN,4 years
N184DN,29 years
N320SY,1 year
N240SY,6 years
N324SY,1 year
N309SY,Brand new
N244SY,6 years
N255SY,6 years
N319SY,Brand new
N317SY,1 year
N270SY,4 years
N287SY,4 years
N273SY,4 years
N275SY,4 years
N298SY,4 years
N285SY,4 years
N262SY,5 years
N278SY,4 years
N272SY,4 years
N265SY,5 years
N283SY,4 years
N290SY,5 years
N282SY,4 years
N291SY,4 years
N300SY,4 years
N267SY,5 years
N263SY,5 years
N279SY,5 years
N299SY,4 years
N289SY,5 years
N296SY,4 years
N257SY,6 years
N610CZ,15 years
N268SY,5 years
N820SK,16 years
N821SK,16 years
N421DX,Brand new
N340CA,21 years
N376CA,19 years
N480PX,3 years
N367CA,21 years
N354CA,20 years
N138EV,14 years
N668CA,18 years
N433YX,8 years
N437YX,8 years
N826MD,19 years
N425YX,9 years
N122HQ,15 years
N110HQ,15 years
N404YX,9 years
N872RW,16 years
N821MD,19 years
N806MD,19 years
N127HQ,15 years
N435YX,8 years
N113HQ,15 years
N452YX,2 years
N111HQ,15 years
N870RW,16 years
N130HQ,15 years
N125HQ,15 years
N408YX,9 years
N929JB,9 years
N982JB,5 years
N978JB,6 years
N641JB,16 years
N564JB,20 years
N947JB,8 years
N775JB,14 years
N962JT,7 years
N809JB,10 years
N627JB,17 years
N603JB,18 years
N508JL,22 years
N979JT,6 years
N586JB,19 years
N510JB,22 years
N821JB,10 years
N985JT,5 years
N605JB,18 years
N565JB,20 years
N639JB,16 years
N624JB,17 years
N760JB,14 years
N637JB,17 years
N587JB,19 years
N569JB,19 years
N789JB,12 years
N585JB,19 years
N643JB,16 years
N531JL,21 years
N606JB,18 years
N623JB,17 years
N827JB,9 years
N607JB,18 years
N554JB,20 years
N935JB,8 years
N632JB,17 years
N715JB,14 years
N584JB,19 years
N640JB,16 years
N923JB,9 years
N981JT,5 years
N663JB,15 years
N613JB,18 years
N526JL,21 years
N665JB,15 years
N706JB,15 years
N793JB,12 years
N703JB,15 years
N593JB,18 years
N759AN,21 years
N790AN,22 years
N797AN,22 years
N773AN,24 years
N752AN,22 years
N768AA,16 years
N772AN,24 years
N776AN,24 years
N760AN,21 years
N750AN,22 years
N762AN,21 years
N798AN,22 years
N778AN,23 years
N761AJ,21 years
N782AN,23 years
N765AN,20 years
N766AN,19 years
N791AN,22 years
N753AN,21 years
N796AN,22 years
N780AN,23 years
N775AN,24 years
N758AN,21 years
N800AN,8 years
N794AN,22 years
N784AN,23 years
N781AN,23 years
N792AN,22 years
N793AN,22 years
N751AN,22 years
N786AN,23 years
N789AN,22 years
N770AN,24 years
N767AJ,17 years
N785AN,23 years
N757AN,21 years
N795AN,22 years
N774AN,24 years
N787AL,23 years
N783AN,23 years
N788AN,22 years
N779AN,23 years
N754AN,21 years
N755AN,21 years
N799AN,22 years
N777AN,23 years
N987JT,5 years
N805JB,11 years
N629JB,17 years
N796JB,11 years
N523JB,21 years
N992JB,5 years
N811DZ,9 years
N3753,21 years
N909DN,4 years
N916DU,4 years
N894DN,5 years
N859DN,7 years
N869DN,6 years
N873DN,6 years
N810DN,9 years
N903DN,4 years
N819DN,9 years
N924DZ,4 years
N3745B,22 years
N376DA,24 years
N808DN,9 years
N905DN,4 years
N868DN,6 years
N809DN,9 years
N824DN,8 years
N774DE,11 years
N882DN,6 years
N864DN,6 years
N191DN,26 years
N915DU,4 years
N862DN,6 years
N850DN,7 years
N896DN,5 years
N926DZ,4 years
N861DN,6 years
N822DN,8 years
N804DN,9 years
N385DN,23 years
N844DN,7 years
N372DA,24 years
N876DN,6 years
N816DN,9 years
N849DN,7 years
N853DN,7 years
N867DN,6 years
N874DN,6 years
N387DA,23 years
N818DA,9 years
N843DN,7 years
N854DN,7 years
N815DN,9 years
N3730B,22 years
N875DN,6 years
N893DN,5 years
N834DN,8 years
N353NW,25 years
N312US,32 years
N373NW,21 years
N326US,31 years
N320US,31 years
N366NW,24 years
N328NW,31 years
N333NW,31 years
N121DZ,1 year
N128DN,2 years
N116DN,2 years
N308DN,6 years
N382DN,3 years
N503DZ,Brand new
N366DX,4 years
N363DN,4 years
N342DN,5 years
N114DN,2 years
N333DX,6 years
N373DX,4 years
N369DN,4 years
N981AT,20 years
N932AT,22 years
N986AT,21 years
N952AT,22 years
N993AT,21 years
N928AT,22 years
N996AT,21 years
N939AT,17 years
N983AT,17 years
N989AT,21 years
N998AT,20 years
N950AT,23 years
N896AT,18 years
N940AT,24 years
N934AT,23 years
N925AT,22 years
N970AT,21 years
N965AT,21 years
N717JL,20 years
N948AT,23 years
N933AT,22 years
N607AT,22 years
N990AT,21 years
N344DN,5 years
N638JB,16 years
N384DN,3 years
N807DN,9 years
N3757D,21 years
N870DN,6 years
N860DN,6 years
N848DN,7 years
N908DN,4 years
N373DA,24 years
N920DU,4 years
N832DN,8 years
N3755D,21 years
N852DN,7 years
N841DN,7 years
N3761R,21 years
N3747D,22 years
N897DN,5 years
N985AT,21 years
N929AT,22 years
N930AT,23 years
N947AT,23 years
N943AT,23 years
N945AT,23 years
N971AT,21 years
N997AT,20 years
N967AT,21 years
N953AT,22 years
N942AT,24 years
N951AT,23 years
N979AT,20 years
N921AT,22 years
N978AT,20 years
N988AT,22 years
N924AT,22 years
N991AT,21 years
N946AT,23 years
N608AT,22 years
N937AT,21 years
N955AT,22 years
N966AT,21 years
N923AT,17 years
N982AT,20 years
N954AT,22 years
N995AT,21 years
N964AT,21 years
N974AT,21 years
N980AT,20 years
N676DL,31 years
N842DN,7 years
N550NW,21 years
N827DN,8 years
N845DN,7 years
N910DU,4 years
N673DL,31 years
N698DL,23 years
N690DL,24 years
N6707A,22 years
N6708D,22 years
N6710E,22 years
N660DL,32 years
N668DN,31 years
N554NW,21 years
N679DA,30 years
N687DL,25 years
N6716C,22 years
N6715C,22 years
N692DL,24 years
N665DN,32 years
N694DL,24 years
N552NW,21 years
N6702,23 years
N674DL,31 years
N822DX,18 years
N555NW,21 years
N6705Y,23 years
N699DL,23 years
N6713Y,22 years
N6709,22 years
N678DL,30 years
N6706Q,23 years
N6712B,22 years
N542US,27 years
N672DL,31 years
N671DN,31 years
N689DL,24 years
N697DL,23 years
N669DN,31 years
N683DA,30 years
N6711M,22 years
N684DA,30 years
N537JT,21 years
N922XJ,15 years
N394DA,22 years
N3740C,22 years
N399DA,22 years
N392DA,23 years
N397DA,22 years
N390DA,23 years
N3733Z,22 years
N3732J,22 years
N3758Y,21 years
N3737C,22 years
N3748Y,21 years
N377DE,9 years
N3735D,22 years
N3769L,21 years
N3738B,22 years
N378DA,23 years
N3773D,12 years
N378NW,19 years
N363NW,24 years
N369NW,24 years
N376NW,20 years
N332NW,31 years
N324US,31 years
N371NW,21 years
N347NW,30 years
N372NW,21 years
N354NW,25 years
N317US,32 years
N321US,31 years
N375NC,21 years
N338NW,30 years
N339NW,30 years
N364NW,24 years
N357NW,25 years
N352NW,25 years
N319US,32 years
N847DN,7 years
N821DN,9 years
N883DN,5 years
N877DN,6 years
N582NW,20 years
N583NW,20 years
N593NW,19 years
N586NW,20 years
N596NW,19 years
N591NW,20 years
N589NW,20 years
N594NW,19 years
N581NW,21 years
N587NW,20 years
N584NW,20 years
N376DN,4 years
N885DN,5 years
N921DU,4 years
N881DN,5 years
N902DN,4 years
N332DN,6 years
N358DN,4 years
N327DN,5 years
N977AT,21 years
N967AM,9 years
N446AM,4 years
XA-AMR,8 years
N965AM,9 years
N783AM,7 years
N964AM,9 years
N782AM,7 years
N183AM,6 years
XA-AMX,8 years
N128AM,4 years
XA-ADH,5 years
XA-ADG,5 years
XA-ADL,6 years
XA-MFG,3 years
N966AM,9 years
XA-ADD,6 years
XA-ADC,6 years
N438AM,6 years
N301SY,3 years
N264SY,5 years
N288SY,4 years
N274SY,4 years
N269SY,5 years
N271SY,4 years
N281SY,4 years
N284SY,4 years
N286SY,5 years
N277SY,4 years
N302SY,4 years
N292SY,5 years
C-GXAS,7 years
G-VIIB,26 years
G-VIIH,26 years
G-STBM,2 years
G-VIID,26 years
G-STBK,8 years
G-STBP,2 years
G-STBD,11 years
G-VIIS,24 years
G-RAES,25 years
G-STBN,2 years
G-STBL,8 years
G-STBO,2 years
G-VIIC,26 years
G-VIIA,26 years
G-STBG,9 years
G-STBH,9 years
G-STBB,12 years
G-VIIM,25 years
G-VIIL,25 years
G-VIIG,26 years
G-VIIF,26 years
G-VIIJ,25 years
G-VIIK,25 years
G-VIIY,23 years
G-VIIW,23 years
G-YMML,22 years
G-VIIN,24 years
G-VIIE,26 years
G-YMMG,22 years
G-STBI,9 years
G-VIIV,23 years
D-ANRE,Brand new
D-AIYA,16 years
D-AIYD,14 years
D-ANRI,Brand new
D-AIYC,14 years
D-ANRH,Brand new
EC-NTX,8 years
D-AIYB,15 years
D-ANRA,Brand new
9H-SMF,9 years
9H-SMD,10 years
9H-SMG,9 years
D-ABUC,30 years
EC-NOG,-
D-ABUO,21 years
D-ABUI,28 years
D-ABUD,30 years
D-ABUB,30 years
D-ABUA,30 years
EC-NBN,16 years
D-ABUF,29 years
D-ABUE,29 years
D-ABUP,22 years
N196DN,25 years
N361NB,20 years
N367NW,24 years
N327NW,31 years
N341NW,30 years
N360NW,24 years
N344NW,30 years
N342NW,30 years
N174DN,32 years
N194DN,25 years
N176DN,32 years
N175DN,32 years
N179DN,32 years
N178DN,32 years
N172DN,32 years
N171DN,33 years
N177DN,32 years
N183DN,30 years
N185DN,28 years
N340DN,5 years
N510DE,Brand new
N506DA,Brand new
N802DN,9 years
N513DA,Brand new
N507DZ,Brand new
N509DT,Brand new
N900PC,26 years
N67171,22 years
N920XJ,15 years
A6-EUT,6 years
A6-EOH,8 years
A6-EOM,8 years
A6-EON,8 years
A6-EOF,8 years
A6-EUR,6 years
A6-EUU,6 years
A6-EVH,4 years
A6-EEV,9 years
A6-EEU,9 years
A6-EUS,6 years
A6-EOD,8 years
A6-EOL,8 years
A6-EVF,4 years
A6-EVL,3 years
A6-EVD,5 years
A6-EVJ,4 years
A6-EVK,3 years
A6-EVI,4 years
A6-EUI,6 years
A6-EUJ,6 years
A6-EOG,8 years
A6-EEL,10 years
A6-EVG,4 years
A6-EEF,10 years
A6-EEK,10 years
A6-EOC,8 years
A6-EDZ,11 years
A6-EOE,8 years
A6-EUE,7 years
A6-EEM,9 years
A6-EEG,10 years
A6-EVE,4 years
A6-EUW,6 years
A6-EVC,5 years
A6-EUV,6 years
A6-EUF,7 years
A6-EUH,7 years
A6-EUL,6 years
A6-EVM,3 years
A6-EUG,7 years
A6-EUK,6 years
A6-EVQ,2 years
A6-EVR,2 years
A6-EVS,2 years
A6-EVP,2 years
A6-EVO,2 years
A6-EVN,3 years
9K-API,Brand new
9K-APH,1 year
9K-APF,2 years
9K-AOH,6 years
9K-AOK,5 years
9K-AOF,6 years
9K-AOJ,6 years
9K-AOL,5 years
9K-AOM,5 years
9K-AOD,6 years
9K-AOE,6 years
9K-AOI,6 years
9K-AOC,6 years
HB-JHF,13 years
HB-JHK,11 years
HB-JHE,13 years
HB-JHD,13 years
HB-JHB,13 years
HB-JHJ,12 years
HB-JHC,13 years
HB-JHG,13 years
HB-JHI,12 years
HB-JHM,10 years
HB-JHL,11 years
HB-JHN,10 years
N852GT,10 years
N775SA,13 years
N984JB,5 years
N977JE,4 years
N991JT,6 years
N968JT,6 years
N990JL,5 years
N969JT,6 years
N986JB,5 years
N934JB,8 years
N942JB,8 years
N945JT,8 years
N944JT,8 years
N937JB,8 years
N983JT,5 years
N964JT,7 years
N988JT,5 years
N943JT,8 years
N967JT,6 years
N2142J,1 year
N720AN,10 years
N721AN,10 years
N732AN,8 years
N729AN,9 years
N735AT,7 years
N731AN,8 years
N730AN,8 years
N719AN,10 years
N724AN,9 years
N728AN,9 years
N726AN,9 years
N723AN,10 years
N736AT,7 years
N727AN,9 years
N725AN,9 years
N717AN,10 years
N733AR,8 years
N722AN,10 years
N718AN,10 years
N966NN,8 years
N910NN,10 years
N200NV,6 years
N819NN,13 years
N951AA,22 years
N979AN,14 years
N979NN,7 years
N924NN,10 years
N994NN,6 years
N932AN,23 years
N978NN,7 years
N935AN,23 years
N838NN,13 years
N841NN,12 years
N335PH,6 years
N983NN,7 years
N807NN,13 years
N940AN,22 years
N956NN,8 years
N927AN,23 years
N962NN,8 years
N963AN,22 years
N921AN,23 years
N904AN,24 years
N882NN,11 years
N861NN,12 years
N810NN,13 years
N316PF,6 years
N953NN,8 years
N908NN,10 years
N840NN,12 years
N903NN,10 years
N953AN,22 years
N973NN,7 years
N945AN,22 years
N912NN,10 years
N961AN,22 years
N958AN,22 years
N954NN,8 years
N873NN,11 years
N878NN,11 years
N817NN,13 years
N897NN,10 years
N865NN,12 years
N919NN,10 years
N867NN,12 years
N862NN,12 years
N829NN,13 years
N835NN,13 years
N817AW,22 years
N701UW,24 years
N819AW,22 years
N700UW,24 years
N722US,23 years
N918NN,10 years
N809AW,23 years
N102NN,9 years
N810AW,23 years
N824AW,22 years
N982AN,14 years
N985NN,7 years
N909NN,10 years
N301PA,6 years
N930NN,9 years
N961DZ,8 years
N954DZ,9 years
N958DZ,8 years
N953DZ,9 years
N959DZ,8 years
N806DN,9 years
N3767,21 years
N721TW,23 years
N705TW,26 years
N710TW,25 years
N712TW,25 years
N727TW,23 years
N707TW,26 years
N704X,26 years
N717TW,24 years
N703TW,26 years
N706TW,26 years
N722TW,23 years
N837DN,8 years
N904DN,4 years
N851DN,7 years
N805DN,9 years
N702TW,26 years
N723TW,23 years
N718TW,23 years
N918DU,4 years
N906DN,4 years
N919DU,4 years
N871DN,6 years
N872DN,6 years
N823DN,8 years
N839DN,8 years
N917DU,4 years
N820DN,9 years
N855DN,7 years
N829DN,8 years
N889DN,5 years
N879DN,6 years
N833DN,8 years
N880DN,5 years
N863DN,6 years
N907DN,4 years
N892DN,5 years
EC-NLP,2 years
EC-NGT,3 years
EC-NXC,Brand new
EC-NVR,Brand new
EC-NBE,4 years
EC-NXD,Brand new
EC-NIS,3 years
EC-NMZ,2 years
EC-NIG,3 years
EC-NSC,1 year
EC-NJM,3 years
EC-MUD,5 years
EC-MXV,4 years
EC-MYX,4 years
EC-NCX,4 years
EC-MYA,4 years
EC-MMG,6 years
EC-MAA,9 years
EC-NDR,4 years
EC-LZJ,9 years
EC-LXK,9 years
EC-MNL,6 years
EC-MKI,7 years
EC-LZX,9 years
EC-LYF,9 years
EC-MSY,5 years
EC-MOU,6 years
EC-MLB,6 years
EC-MKJ,6 years
EC-MNK,6 years
EC-LUK,10 years
EC-LUX,10 years
EC-LUB,10 years
EC-NXE,Brand new
EC-MLP,6 years
EC-MJA,7 years
N344NB,20 years
N340NB,21 years
N341NB,21 years
N339NB,21 years
N346NB,20 years
N342NB,20 years
N343NB,20 years
N345NB,20 years
N371DA,24 years
N362NB,19 years
N3746H,22 years
N113AN,9 years
N111ZM,9 years
N109NN,9 years
N107NN,9 years
N110AN,9 years
N105NN,9 years
N106NN,9 years
N115NN,9 years
N112AN,9 years
N101NN,9 years
N116AN,9 years
N117AN,9 years
N108NN,9 years
N103NN,9 years
N104NN,9 years
N224JQ,15 years
N209JQ,14 years
N246JQ,15 years
N219YX,16 years
N207JQ,14 years
N222JQ,15 years
N202JQ,14 years
N228JQ,15 years
N242JQ,15 years
N208JQ,14 years
N204JQ,14 years
N212JQ,14 years
N229JQ,15 years
N243JQ,15 years
N206JQ,14 years
N216JQ,14 years
N239JQ,15 years
N221JQ,16 years
N223JQ,15 years
N218JQ,16 years
N226JQ,15 years
N215JQ,14 years
N233JQ,15 years
N860RW,17 years
N240JQ,15 years
N214JQ,14 years
N210JQ,14 years
N236JQ,15 years
N205JQ,14 years
N220JQ,16 years
N203JQ,14 years
N227JQ,15 years
N234JQ,15 years
N231JQ,15 years
N818MD,18 years
N878RW,15 years
N880RW,14 years
N824MD,18 years
N879RW,15 years
N823MD,18 years
N810MD,18 years
N875RW,15 years
N882RW,15 years
N232JQ,15 years
N815MD,18 years
N217JQ,16 years
N235JQ,15 years
N241JQ,15 years
N244JQ,15 years
N238JQ,15 years
N245JQ,15 years
N225JQ,15 years
N230JQ,15 years
N211JQ,14 years
N237JQ,15 years
B-18771,2 years
B-18773,2 years
B-18772,2 years
B-18776,Brand new
B-18775,1 year
B-18722,16 years
B-18720,18 years
N867RW,13 years
N871RW,16 years
N886DN,5 years
N812DN,9 years
N826DN,8 years
N922DZ,4 years
N840DN,8 years
N856DN,7 years
N878DN,6 years
N814DN,9 years
N817DN,9 years
N913DU,4 years
N857DZ,7 years
N925DZ,4 years
N836DN,8 years
N825DN,8 years
N181DN,30 years
N187DN,26 years
N508DA,Brand new
N517DN,Brand new
N501DA,1 year
N511DE,Brand new
N504DZ,Brand new
N505DZ,Brand new
N521DT,Brand new
N541US,27 years
N538US,27 years
N544US,27 years
N549US,26 years
N545US,26 years
N535US,27 years
N537US,27 years
N803DN,9 years
N543US,27 years
N536US,27 years
N546US,26 years
N820DX,18 years
D-AIHP,16 years
D-AIHV,15 years
D-AIHT,15 years
D-AIHI,19 years
D-AIHU,15 years
D-AIXL,4 years
XA-VIF,4 years
XA-VIT,3 years
XA-VII,4 years
XA-VIA,4 years
XA-VAA,8 years
XA-VIN,4 years
XA-VYD,11 years
XA-VAT,7 years
XA-VIJ,4 years
XA-VIV,6 years
XA-VIM,4 years
XA-VIQ,3 years
XA-VIL,4 years
XA-VIS,3 years
XA-VAI,12 years
XA-VAO,7 years
XA-VAR,7 years
XA-VAX,5 years
XA-VBB,2 years
XA-VAP,7 years
XA-VAY,5 years
XA-VAW,5 years
XA-VAN,7 years
XA-VAJ,7 years
XA-VIE,4 years
XA-VIK,4 years
XA-VAE,8 years
XA-VIB,6 years
XA-VBH,2 years
XA-VIU,3 years
XA-VAM,12 years
XA-VAU,6 years
XA-VAQ,7 years
XA-VBA,2 years
XA-VAB,17 years
XA-VIW,3 years
XA-VIO,4 years
XA-VIR,3 years
XA-VIH,4 years
XA-VAV,7 years
XA-VAC,15 years
N875NN,11 years
N943NN,9 years
N957AN,22 years
N869NN,11 years
N899NN,10 years
N858NN,12 years
N944NN,9 years
N916AN,23 years
N892NN,11 years
N714US,23 years
N742PS,22 years
N447AN,1 year
N738US,22 years
N839AW,17 years
N747UW,22 years
N740UW,22 years
N756US,22 years
N737US,22 years
N715UW,23 years
N424AN,2 years
N717UW,23 years
N725UW,23 years
N8031M,8 years
N12028,8 years
N8009T,9 years
N9006,9 years
N9013A,9 years
N8027D,8 years
N9025B,8 years
N943AN,22 years
N9021H,8 years
N8030F,8 years
N9011P,9 years
N4005X,9 years
N9029F,8 years
N830AW,21 years
N970AN,21 years
N937AN,22 years
N981NN,7 years
N339PL,5 years
N659AW,23 years
N604AW,23 years
N660AW,23 years
N163AA,6 years
N667AW,21 years
N109UW,23 years
N112US,23 years
N9019F,8 years
N665AW,21 years
N664AW,21 years
N647AW,25 years
N663AW,22 years
N668AW,21 years
N650AW,24 years
N655AW,23 years
N661AW,22 years
N652AW,24 years
N131NN,8 years
N680AW,17 years
N993AN,6 years
N601AW,20 years
N123UW,22 years
N653AW,24 years
N658AW,23 years
N656AW,23 years
N804AW,23 years
N9002U,9 years
N815AW,22 years
N749US,22 years
N829AW,21 years
N806AW,23 years
N763US,22 years
N159AN,7 years
N909AM,5 years
N746UW,22 years
N769US,22 years
N774XF,19 years
N904AA,5 years
N772XF,19 years
N148AN,7 years
N662AW,22 years
N823AW,22 years
N822AW,22 years
N840AW,17 years
N758US,22 years
N821AW,22 years
N834AW,18 years
N771XF,20 years
N730US,23 years
N802AW,24 years
N818AW,22 years
EI-LRB,3 years
EI-LRD,3 years
EI-LRF,1 year
EI-LRA,3 years
EI-LRC,3 years
EI-LRG,2 years
EI-LRE,-
N4073J,Brand new
N4048J,1 year
N4062J,Brand new
N4022J,2 years
N4058J,1 year
N4064J,Brand new
N2105J,2 years
N992AN,13 years
N449AN,1 year
N414AL,3 years
N422AN,2 years
N418AN,2 years
N403AN,3 years
N415AN,3 years
N441UW,1 year
N458AL,Brand new
N440AN,1 year
N419AN,2 years
N442AN,1 year
N432AN,2 years
N400AN,4 years
N464AA,Brand new
N438AN,1 year
N465AN,Brand new
N459AN,Brand new
N902AA,6 years
N119NN,8 years
N452AN,1 year
N456AN,Brand new
N420AN,2 years
N462AA,Brand new
N416AN,3 years
N408AN,3 years
N450AN,1 year
N444UW,1 year
N405AN,3 years
N460AN,Brand new
N423AN,2 years
N435AN,1 year
N434AN,1 year
N429AN,2 years
N402AN,4 years
N404AN,3 years
N430AN,2 years
N428AA,2 years
N409AA,3 years
N427AN,2 years
N451AN,1 year
N466AN,Brand new
N439AN,1 year
N425AN,2 years
N431AN,1 year
N406AN,3 years
N436AN,1 year
N443AA,1 year
N463AA,Brand new
N421UW,2 years
N177US,21 years
N134AN,8 years
N433AN,1 year
N410AN,3 years
N417AN,3 years
N461AN,Brand new
N143AN,7 years
N411AN,3 years
N453AA,1 year
N141NN,7 years
N457AM,Brand new
N544UW,11 years
N931AM,6 years
N989AU,6 years
N129AA,8 years
N162AA,7 years
N150NN,7 years
N120EE,8 years
N193UW,14 years
N164NN,6 years
N125AA,8 years
N118NN,8 years
N900UW,6 years
N123NN,8 years
N124AA,8 years
N907AA,5 years
N151AN,7 years
N152AA,7 years
N153AN,7 years
N990AU,6 years
N139AN,7 years
N158AN,7 years
N157AA,7 years
N155NN,7 years
N130AN,8 years
N160AN,7 years
N142AN,7 years
N145AN,7 years
N910AU,5 years
N994AN,6 years
N933AM,6 years
N122NN,8 years
N905AU,5 years
N558UW,10 years
N133AN,8 years
N144AN,7 years
N929AA,6 years
N149AN,7 years
N154AA,7 years
N986AN,6 years
N132AN,8 years
N121AN,8 years
N928AM,6 years
N906AA,5 years
N995AN,6 years
N127AA,8 years
N903AA,5 years
N156AN,7 years
N165NN,6 years
N140AN,7 years
N167AN,6 years
N560UW,10 years
N161AA,7 years
N992AU,6 years
N997AA,6 years
A7-ANC,4 years
A7-ANL,3 years
A7-ANE,4 years
A7-ANB,4 years
A7-ANQ,3 years
A7-ANJ,3 years
A7-ANP,3 years
A7-ANI,4 years
A7-ANF,4 years
A7-ANG,4 years
A7-ANR,2 years
A7-AND,4 years
A7-ANA,5 years
A7-ANS,2 years
A7-ANO,3 years
A7-ANN,3 years
A7-BEP,5 years
A7-BEM,5 years
A7-BEI,7 years
A7-BAC,14 years
A7-BER,5 years
A7-BEO,5 years
A7-BET,4 years
A7-BEW,4 years
A7-BEV,5 years
A7-BEH,7 years
A7-BEQ,5 years
A7-BAE,14 years
A7-BEJ,6 years
A7-BEX,4 years
A7-BEN,5 years
A7-BEK,5 years
A7-BEU,5 years
A7-BEE,7 years
A7-BEL,5 years
A7-BAI,14 years
A7-BEG,7 years
A7-ANM,3 years
A7-ANH,4 years
A7-ANK,3 years
A7-BAH,13 years
A7-AML,3 years
A7-AMK,3 years
A7-BED,8 years
A7-BAO,14 years
A7-BEF,7 years
A7-BES,5 years
A7-BAG,13 years
A7-ALZ,5 years
A7-BBG,12 years
A7-BAM,12 years
A7-BAN,12 years
A7-BBI,11 years
A7-BBD,13 years
A7-BAF,13 years
PH-BQH,18 years
PH-BHH,6 years
PH-BVI,10 years
PH-BHO,5 years
PH-BKD,3 years
PH-BKL,Brand new
PH-BHD,7 years
PH-BHF,7 years
PH-BHI,6 years
PH-BKK,2 years
PH-BHA,7 years
PH-BHE,7 years
PH-BQM,17 years
PH-BQF,19 years
PH-BHC,7 years
PH-BHL,5 years
PH-BQL,17 years
PH-BQE,19 years
PH-BQN,17 years
PH-BQG,19 years
PH-BQC,19 years
PH-BVG,10 years
PH-BQK,18 years
PH-BQP,16 years
PH-BVK,9 years
PH-BHP,4 years
PH-BKH,2 years
PH-BHM,5 years
PH-BQA,19 years
PH-BKG,3 years
PH-BQO,16 years
PH-BKC,3 years
PH-BKA,3 years
PH-BKF,3 years
PH-BVV,2 years
PH-BVB,15 years
PH-BHG,6 years
PH-BQB,19 years
PH-BVN,8 years
PH-BVF,12 years
PH-BVA,15 years
PH-BVP,7 years
PH-BVW,2 years
PH-BVD,13 years
PH-BVS,6 years
PH-BVC,13 years
PH-BQI,18 years
PH-BHN,5 years
PH-BQD,19 years
N928DU,3 years
N3768,21 years
N927AT,22 years
N936AT,23 years
N938AT,17 years
N944AT,23 years
N935AT,23 years
N919AT,22 years
N893AT,18 years
N994AT,21 years
N949AT,24 years
N963AT,22 years
N685DA,28 years
N675DL,31 years
N659DL,32 years
N590NW,20 years
N800AY,18 years
N8694A,21 years
N927EV,19 years
N8936A,19 years
N836AY,18 years
N315SY,1 year
N825SK,14 years
N837SK,3 years
N833SK,4 years
N316SY,1 year
N869RW,16 years
N3741S,22 years
N3764D,21 years
N3760C,21 years
N3750D,21 years
N3756,21 years
N389DA,23 years
N3754A,21 years
N775DE,9 years
N381DN,23 years
N3766,21 years
N374DA,24 years
N386DA,23 years
N3772H,13 years
N3763D,21 years
N3731T,22 years
N383DN,23 years
N3765,21 years
N379DA,23 years
N776DE,9 years
N393DA,22 years
N3751B,21 years
N396DA,22 years
N3762Y,21 years
N3742C,22 years
N3734B,22 years
N375DA,24 years
N388DA,23 years
N3749D,21 years
N3771K,21 years
N391DA,23 years
N3759,21 years
N395DN,22 years
N384DA,23 years
N819DX,18 years
N823DX,18 years
N821DX,18 years
N548US,26 years
N858DZ,7 years
N511DN,4 years
N515DE,Brand new
N528DE,Brand new
N518DQ,Brand new
N522DA,Brand new
N526DE,Brand new
N516DA,Brand new
N514DE,Brand new
N512DE,Brand new
N193DN,25 years
N888DU,5 years
N398DA,22 years
N3739P,22 years
N3752,21 years
N134DU,3 years
N113DQ,4 years
N144DU,1 year
N126DU,3 years
N122DU,3 years
N118DU,3 years
N128DU,3 years
N143DU,1 year
N107DU,4 years
N114DU,3 years
N111NG,3 years
N112DU,4 years
N120DU,3 years
N110DU,4 years
N131DU,3 years
N116DU,3 years
N103DU,4 years
N135DQ,2 years
N117DU,3 years
N129DU,3 years
N137DU,2 years
N133DU,3 years
N141DU,2 years
N123DQ,3 years
N102DU,4 years
N130DU,3 years
N101DU,4 years
N330NW,31 years
N325US,31 years
N106DU,4 years
N125DU,3 years
N145DQ,1 year
N108DQ,4 years
N115DU,3 years
N311DU,1 year
N310DU,2 years
N306DU,2 years
N308DU,2 years
N302DU,2 years
N303DU,2 years
N364NB,19 years
N304DU,2 years
N307DU,2 years
N301DU,2 years
N305DU,2 years
N309DU,2 years
N588NW,20 years
N592NW,19 years
N585NW,20 years
N132DU,3 years
N104DU,4 years
N138DU,2 years
N109DU,4 years
N124DU,3 years
N136DQ,2 years
N139DU,2 years
N338NB,21 years
N328NB,21 years
N337NB,21 years
N319NB,22 years
N330NB,21 years
N333NB,21 years
N329NB,21 years
N317NB,22 years
N359NB,20 years
N369NB,19 years
N323NB,22 years
N360NB,20 years
N348NB,20 years
N368NB,19 years
N316NB,22 years
N363NB,19 years
N394DL,28 years
N192DN,25 years
N553NW,21 years
N962AK,Brand new
N937AK,1 year
N942AK,Brand new
N285AK,5 years
N409AS,10 years
N977AK,3 years
N277AK,5 years
N960AK,Brand new
N291BT,1 year
N477AS,7 years
N936AK,1 year
N931AK,1 year
N953AK,Brand new
N268AK,6 years
N419AS,10 years
N290AK,4 years
N920AK,1 year
N948AK,Brand new
N468AS,8 years
N459AS,9 years
N943AK,Brand new
N479AS,7 years
N933AK,1 year
N435AS,9 years
N280AK,5 years
N924AK,1 year
N270AK,6 years
N248AK,6 years
N978AK,3 years
N215AK,4 years
N448AS,7 years
N974AK,4 years
N283AK,5 years
N935AK,1 year
N407AS,10 years
N921AK,1 year
N293AK,4 years
N214AK,4 years
N288AK,4 years
N956AK,Brand new
N274AK,5 years
N402AS,10 years
N976AK,4 years
N487AS,7 years
N237AK,7 years
N403AS,10 years
N247AK,6 years
N294AK,4 years
N928AK,1 year
N453AS,9 years
N462AS,9 years
N278AK,5 years
N264AK,6 years
N979AK,3 years
N251AK,6 years
N493AS,7 years
N934AK,1 year
N958AK,Brand new
N265AK,6 years
N972AK,3 years
N946AK,Brand new
N949AK,Brand new
N973AK,3 years
N491AS,7 years
N442AS,9 years
N495AS,7 years
N236AK,7 years
N440AS,9 years
N938AK,Brand new
N929AK,1 year
N525AS,14 years
N297AK,4 years
N434AS,7 years
N471AS,8 years
AS1428,-
N457AS,9 years
N481AS,7 years
N263AK,6 years
N915AK,3 years
N919AK,2 years
N478AS,7 years
N971AK,4 years
N266AK,6 years
N292AK,4 years
N224AK,7 years
N433AS,9 years
N486AS,7 years
N975AK,4 years
N918AK,3 years
N281AK,5 years
N253AK,6 years
N483AS,7 years
N941AK,Brand new
N926AK,1 year
N287AK,5 years
N284AK,6 years
N408AS,10 years
N275AK,5 years
N952AK,Brand new
N492AS,7 years
N428AS,7 years
N413AS,10 years
N558AS,16 years
N520AS,14 years
N467AS,8 years
N260AK,6 years
N282AK,5 years
N526AS,14 years
N474AS,7 years
N913AK,3 years
N238AK,6 years
N273AK,6 years
N431AS,9 years
N267AK,6 years
N461AS,9 years
N565AS,16 years
N523AS,14 years
N538AS,11 years
N472AS,8 years
N513AS,14 years
N524AS,14 years
N508AS,14 years
N553AS,17 years
N556AS,16 years
LX-VCV,17 years
N199DN,25 years
N829AN,6 years
N8932C,19 years
N801AY,18 years
N8965E,18 years
F-GZNC,14 years
F-GSQG,18 years
F-GSQL,17 years
F-GSQC,18 years
F-GSQA,19 years
F-GSQF,18 years
F-GSQB,19 years
F-GZNB,15 years
F-GSQJ,18 years
F-GSQV,15 years
F-GSQI,18 years
F-GSQY,15 years
F-GZNA,15 years
F-GZNE,13 years
F-GSQD,18 years
F-GZND,14 years
F-GSQM,17 years
F-GSQU,16 years
F-GSQH,18 years
F-GSQK,17 years
N954AK,Brand new
N932AK,1 year
N512AS,14 years
N272AK,6 years
N464AS,9 years
N548AS,17 years
N494AS,7 years
N423AS,10 years
N955AK,Brand new
N298AK,4 years
N529AS,13 years
N305AS,22 years
N307AS,22 years
N315AS,20 years
N303AS,22 years
N309AS,21 years
N323AS,19 years
N514AS,14 years
N584AS,15 years
N469AS,8 years
N546AS,18 years
N551AS,17 years
N319AS,19 years
N296AK,4 years
N317AS,20 years
N839VA,12 years
N849VA,11 years
N848VA,11 years
N842VA,11 years
N840VA,12 years
N838VA,12 years
N361VA,10 years
N846VA,11 years
G-CKWN,4 years
G-CKOF,5 years
N8942A,19 years
N317CA,20 years
N201JQ,14 years
N298JB,14 years
N178JB,18 years
G-STBJ,9 years
A6-BLV,4 years
A6-BLO,5 years
A6-BLU,4 years
A6-BLW,4 years
A6-BLQ,5 years
A6-BLH,6 years
A6-BLX,4 years
A6-BLM,6 years
A6-BLS,5 years
A6-BLG,7 years
A6-BLJ,6 years
A6-BLT,5 years
A6-BLY,4 years
A6-BLI,6 years
A6-BLL,6 years
A6-BLR,5 years
A6-BLP,5 years
A6-BLK,6 years
A6-XWE,3 years
A6-XWB,4 years
A6-XWC,3 years
A6-XWF,3 years
A6-XWA,3 years
A6-BLF,7 years
A6-BLN,5 years
N655CA,19 years
N368CA,20 years
N390CA,20 years
N8968E,18 years
N832AY,18 years
XA-MAT,4 years
XA-MAQ,4 years
XA-MAO,4 years
XA-MAG,5 years
XA-MAK,5 years
XA-SSR,4 years
XA-DRA,16 years
N958AM,8 years
XA-JOY,15 years
N825AM,8 years
XA-AMJ,10 years
XA-AMN,8 years
N957AM,8 years
N377AR,13 years
XA-AMU,7 years
XA-ADU,5 years
XA-ZAM,15 years
XA-AMG,9 years
XA-AMK,10 years
XA-AMS,8 years
XA-AMB,9 years
XA-AML,8 years
G-VSXY,12 years
G-VRAY,11 years
G-VINE,12 years
G-VGBR,10 years
G-VNYC,11 years
G-VKSS,12 years
G-VUFO,10 years
G-VLUV,12 years
G-VWAG,10 years
G-VGEM,12 years
N370NB,19 years
N329NW,31 years
N345NW,30 years
N356NW,25 years
G-VPOP,3 years
G-VLUX,3 years
G-VRNB,2 years
G-VTEA,2 years
G-VJAM,3 years
G-VDOT,6 years
G-VJAZ,Brand new
G-VLDY,Brand new
G-VTOM,Brand new
G-VPRD,3 years
G-VEVE,1 year
G-VMAP,7 years
G-VBOW,6 years
G-VCRU,7 years
G-VWOO,5 years
G-VNYL,5 years
G-VOWS,7 years
G-VOOH,8 years
G-VBZZ,7 years
G-VZIG,8 years
G-VBEL,5 years
G-VAHH,8 years
G-VYUM,8 years
G-VNEW,8 years
G-VFAN,6 years
G-VWHO,7 years
G-VDIA,7 years
G-VSPY,7 years
N948NN,9 years
N921NN,10 years
N901AN,24 years
N966AN,21 years
N906AN,24 years
N931NN,9 years
N357NB,20 years
N334NB,21 years
N322NB,22 years
N335NB,21 years
N314NB,23 years
N318NB,22 years
N331NB,21 years
N358NB,20 years
N327NB,22 years
N320NB,22 years
N301NB,23 years
N349NB,20 years
N325NB,22 years
N352NB,20 years
N366NB,19 years
N382DA,23 years
N380DA,23 years
N3736C,22 years
N302NB,23 years
N347NB,20 years
PH-BVU,5 years
C-FBWJ,18 years
C-FWCN,19 years
C-FRWA,10 years
C-GWSZ,13 years
C-GWJT,12 years
C-FWSO,19 years
C-GQWJ,15 years
C-FKIW,12 years
C-GWSX,12 years
C-GWJG,15 years
C-FLWJ,12 years
C-FUMF,8 years
C-GSWJ,12 years
C-FKWJ,12 years
C-GWJF,18 years
C-FRYV,5 years
C-FKWS,21 years
C-GUWJ,15 years
C-GWSA,17 years
C-GWSP,13 years
C-FZRM,6 years
C-GMWJ,16 years
C-FZWS,Brand new
C-GWBJ,19 years
C-FHCM,4 years
C-FRAX,5 years
C-GRWS,20 years
C-GWRG,11 years
C-FUWS,18 years
C-GCWJ,18 years
C-FGWJ,18 years
C-GWJO,18 years
C-GWBX,17 years
C-GZSG,4 years
C-GGWJ,15 years
C-FWSY,19 years
C-FWSF,19 years
C-FIBW,12 years
C-GVWA,9 years
C-GYWJ,17 years
C-GWBF,19 years
C-FDMB,8 years
C-FWSX,19 years
C-FCNW,12 years
C-GWCM,19 years
C-GOCD,5 years
C-GWSQ,13 years
C-FUJR,8 years
C-GWBU,8 years
C-GKWJ,18 years
C-GWBT,19 years
C-GWSN,13 years
C-GAMQ,4 years
C-FCSX,8 years
C-FWJS,8 years
C-GCAM,5 years
C-GWCN,17 years
C-FNAX,5 years
C-GEHF,4 years
C-FXMS,6 years
C-GWWJ,15 years
C-GWSR,14 years
C-FUSM,9 years
C-FNWD,4 years
C-GRTB,6 years
C-GWSV,14 years
C-GAWS,10 years
C-GRAX,5 years
C-GJWS,17 years
C-GWAZ,18 years
C-FBWI,10 years
C-GDDR,4 years
C-GWBL,17 years
C-GXAX,5 years
C-GKWA,10 years
C-GVWJ,15 years
C-GWLK,3 years
C-FWSI,13 years
C-FWVJ,11 years
C-FWSK,14 years
N776XF,19 years
N816AW,22 years
N721UW,23 years
N767UW,22 years
N703UW,24 years
N770UW,22 years
N902NN,10 years
N907AN,24 years
N903AN,24 years
N863NN,12 years
N338PK,5 years
N902AN,24 years
N944AN,22 years
N982NN,7 years
N922AN,23 years
N760US,22 years
N773XF,19 years
N705UW,24 years
N704US,24 years
N710UW,24 years
N825AW,21 years
N724UW,23 years
N723UW,23 years
N713UW,23 years
N709UW,24 years
N708UW,24 years
N5007E,9 years
N4032T,7 years
N9016,9 years
N9010R,9 years
N3014R,9 years
N9012,9 years
N9022G,8 years
N925NN,10 years
N908AN,24 years
N306NY,6 years
N928NN,9 years
JY-BAF,8 years
JY-BAE,8 years
JY-BAG,6 years
JY-BAH,6 years
JY-BAC,8 years
JY-BAA,8 years
JY-BAB,8 years
N819AY,18 years
N8894A,19 years
G-EIDY,13 years
G-EILA,13 years
G-EIRH,2 years
N613AZ,23 years
N479AZ,30 years
N229AZ,29 years
N409AZ,32 years
N569AZ,31 years
N347AZ,29 years
N1439A,26 years
N449AZ,32 years
N419AZ,28 years
N491AZ,25 years
N389AZ,28 years
N641AZ,23 years
N331AZ,31 years
N617AZ,21 years
N457AZ,30 years
N503AZ,31 years
N227AZ,28 years
N257AZ,24 years
N359AZ,34 years
N251AZ,24 years
N307AZ,25 years
N313AZ,32 years
N431AZ,33 years
N353AZ,31 years
N311AZ,31 years
N433AZ,33 years
N239AZ,28 years
N233AZ,25 years
N1049A,23 years
N317AZ,30 years
N443AZ,30 years
N241AZ,28 years
N337AZ,29 years
N379AZ,30 years
N499AZ,24 years
N367AZ,29 years
N397AZ,35 years
N895NN,10 years
N90024,8 years
N866NN,12 years
N9018E,8 years
N9004F,9 years
N987AM,6 years
N93003,9 years
N833AW,20 years
N9008U,9 years
N9026C,8 years
N9015D,10 years
N70020,8 years
N9023N,8 years
N9017P,9 years
N177XF,16 years
N801AW,24 years
N764US,22 years
N808AW,23 years
G-VEII,Brand new
G-VLIB,1 year
N926AT,22 years
N377DA,24 years
N3744F,22 years
N37700,21 years
N3743H,22 years
N535AS,12 years
N923VA,5 years
N926VA,5 years
N929VA,3 years
N921VA,6 years
N930VA,3 years
N927VA,5 years
N928VA,4 years
N924VA,5 years
N922VA,5 years
N570AS,16 years
N585AS,15 years
N562AS,16 years
N533AS,12 years
N506AS,14 years
N588AS,15 years
N532AS,12 years
N577AS,16 years
N534AS,12 years
N587AS,15 years
N563AS,16 years
TC-JJH,12 years
TC-LJA,8 years
TC-LJI,6 years
TC-JJR,8 years
TC-LJG,7 years
TC-JJI,12 years
TC-LJF,7 years
TC-JJN,11 years
TC-JJP,11 years
TC-JJZ,8 years
TC-JJY,8 years
TC-LJD,7 years
TC-LJC,7 years
TC-LJE,7 years
TC-JJL,12 years
TC-JJO,11 years
TC-JJV,8 years
TC-LJH,7 years
TC-JJK,12 years
TC-JJF,12 years
TC-JJT,8 years
TC-JJM,12 years
TC-JJS,8 years
TC-JNZ,9 years
TC-LJB,7 years
TC-JPN,14 years
TC-JVM,7 years
TC-JOB,9 years
TC-JOA,9 years
TC-JJE,12 years
TC-JOD,8 years
TC-LND,7 years
TC-JJU,8 years
TC-JOG,8 years
TC-JNP,11 years
TC-JOE,8 years
TC-JOL,7 years
TC-JOK,7 years
TC-JHV,9 years
TC-JJJ,12 years
TC-LNF,7 years
TC-JPM,15 years
TC-LJK,6 years
TC-JHL,11 years
TC-LSU,3 years
TC-JJG,12 years
TC-LJJ,6 years
TC-JVJ,7 years
N8001N,9 years
N711UW,23 years
N974UY,11 years
N185UW,21 years
N136AN,8 years
N540UW,13 years
N561UW,10 years
N741UW,22 years
N820AW,22 years
G-YMMD,23 years
G-VIIO,24 years
G-VIIU,23 years
G-VIIP,24 years
G-VIIR,24 years
G-YMMC,23 years
G-VIIX,23 years
G-YMME,23 years
G-YMMO,21 years
G-YMMF,23 years
G-YMMA,23 years
G-YMMR,14 years
G-VIIT,24 years
G-YMMB,23 years
G-YMMI,22 years
G-YMMP,21 years
G-YMMJ,22 years
G-YMMU,13 years
G-YMMS,14 years
G-YMMT,13 years
G-STBC,12 years
B-20E8,3 years
B-1167,4 years
B-20EH,3 years
B-209E,4 years
B-209X,3 years
B-20D7,3 years
B-1169,4 years
N331CA,20 years
N324NB,22 years
N371NB,19 years
N365NB,19 years
N355NB,20 years
N322SY,Brand new
N183SY,6 years
N391CA,19 years
N923EV,19 years
N448SW,20 years
N170FE,4 years
N153FE,5 years
N521FE,30 years
N525FE,30 years
N593FE,30 years
N276FE,2 years
N294FE,1 year
N596FE,30 years
N612FE,29 years
N528FE,26 years
N130FE,7 years
N168FE,4 years
N607FE,30 years
N605FE,30 years
N178FE,3 years
N105FE,4 years
N584FE,31 years
N271FE,2 years
N169FE,4 years
N597FE,30 years
N623FE,23 years
N643FE,30 years
N138FE,6 years
N197FE,1 year
N582FE,32 years
N602FE,33 years
N277FE,2 years
N614FE,30 years
N587FE,31 years
N522FE,30 years
N184FE,3 years
N182FE,3 years
N583FE,32 years
N585FE,31 years
N140FE,6 years
N278FE,1 year
N598FE,30 years
N613FE,27 years
N186FE,2 years
N155FE,5 years
N594FE,30 years
N193FE,1 year
N279FE,1 year
N589FE,30 years
N270FE,3 years
N289FE,Brand new
N601FE,33 years
N615FE,27 years
N592FE,30 years
N299FE,3 years
N142FE,6 years
N177FE,3 years
N609FE,30 years
N166FE,4 years
N180FE,3 years
N578FE,33 years
N191FE,2 years
N141FE,6 years
N575FE,31 years
N595FE,30 years
N631FE,31 years
N179FE,3 years
N588FE,31 years
N625FE,26 years
N523FE,30 years
N167FE,4 years
N572FE,26 years
N573FE,26 years
N642FE,30 years
N628FE,32 years
N616FE,27 years
N620FE,24 years
N610FE,29 years
N190FE,2 years
N280FE,1 year
N619FE,26 years
N195FE,1 year
N599FE,29 years
N125FE,7 years
N275FE,2 years
N574FE,31 years
N111FE,2 years
N576FE,30 years
N176FE,3 years
N265FE,Brand new
N189FE,2 years
N608FE,30 years
N618FE,26 years
N183FE,3 years
N143FE,6 years
N606FE,29 years
N298FE,10 years
N172FE,4 years
N604FE,31 years
N146FE,6 years
N621FE,24 years
N175FE,3 years
N273FE,2 years
N133FE,6 years
N321FE,42 years
N157FE,5 years
N188FE,2 years
N161FE,4 years
N145FE,6 years
N114FE,8 years
N591FE,30 years
N297FE,11 years
N269FE,1 year
N173FE,4 years
N122FE,7 years
N586FE,32 years
N154FE,5 years
N117FE,8 years
N163FE,4 years
N162FE,4 years
N529FE,25 years
N603FE,31 years
F-GSPI,23 years
CN-RAM,4 years
CN-RGZ,4 years
CN-RGX,4 years
CN-RGY,3 years
CN-RGT,6 years
CN-RGS,6 years
CN-RGC,8 years
CN-RGB,8 years
CN-RGU,6 years
N353NB,20 years
N354NB,20 years
N332NB,21 years
N326NB,22 years
N530DE,Brand new
N519DT,Brand new
N315NB,23 years
N336NB,21 years
N321NB,22 years
N595NW,19 years
9V-SGA,4 years
9V-SGG,4 years
9V-SGB,4 years
9V-SGC,4 years
9V-SGF,4 years
9V-SGD,4 years
9V-SGE,5 years
N349NW,30 years
EC-MOY,6 years
A6-EOT,7 years
A6-EOW,7 years
A6-EUB,7 years
A6-EEW,9 years
A6-EEZ,9 years
A6-EEX,9 years
A6-EOK,8 years
A6-EUC,7 years
A6-EEI,10 years
A6-EOJ,8 years
A6-EEY,9 years
A6-EOU,7 years
A6-EOV,7 years
A6-EOB,8 years
A6-EUA,7 years
A6-EOA,9 years
A6-EDU,11 years
A6-EOI,8 years
A6-EOO,8 years
A6-EUD,7 years
A6-EEE,10 years
A6-EOZ,7 years
A6-EEJ,10 years
A6-EEA,10 years
A6-EDV,11 years
A6-EEN,9 years
N8783E,20 years
OH-LTU,12 years
OH-LTO,14 years
OH-LWA,7 years
OH-LTM,14 years
OH-LTP,14 years
OH-LTT,13 years
OH-LWD,7 years
OH-LTR,13 years
OH-LWB,7 years
OH-LWM,4 years
OH-LTN,14 years
OH-LWR,2 years
OH-LWG,6 years
N961AK,Brand new
N560AS,16 years
N516AS,14 years
N530AS,13 years
N528AS,13 years
N519AS,14 years
N552AS,17 years
N549AS,18 years
N518AS,14 years
N593AS,15 years
N527AS,13 years
N592AS,15 years
TF-ISX,23 years
TF-ICB,4 years
TF-ICA,4 years
TF-ICU,5 years
TF-ICC,4 years
TF-ICD,1 year
TF-ICP,4 years
TF-FIX,21 years
TF-ISO,23 years
TF-FIV,22 years
TF-FIK,23 years
TF-ISV,24 years
TF-FIN,25 years
TF-ICY,5 years
TF-ICN,4 years
TF-ICR,1 year
TF-ICO,4 years
TF-ICE,5 years
TF-ICM,3 years
TF-ICS,1 year
TF-ISW,25 years
TF-ISN,22 years
TF-FIA,22 years
TF-FIO,24 years
TF-ISP,25 years
G-STBE,11 years
G-STBF,11 years
EI-GCF,5 years
9H-POP,9 years
N832AW,21 years
N751UW,22 years
N354PT,5 years
N137AA,7 years
N138AN,7 years
N190UW,22 years
N934AA,6 years
N998AN,6 years
N901AA,6 years
N996AN,6 years
N146AA,7 years
N126AN,8 years
N166NN,6 years
N135NN,8 years
N543UW,11 years
N199UW,10 years
N930AU,6 years
N932AM,6 years
N413AN,2 years
N187US,21 years
N128AN,8 years
N908AA,5 years
N991AU,6 years
N510UW,14 years
N446AN,1 year
N920US,8 years
N539UW,13 years
N584UW,8 years
N524UW,13 years
N913US,8 years
N922US,8 years
N172US,22 years
N582UW,8 years
N549UW,11 years
N924US,8 years
N150UW,10 years
N176UW,22 years
N557UW,10 years
N151UW,10 years
N186US,21 years
N154UW,9 years
N124US,22 years
N125UW,13 years
N426AN,2 years
N412UW,3 years
N448AN,1 year
CS-TSJ,1 year
CS-TSG,5 years
CS-TSH,3 years
CS-TSF,5 years
CS-TSI,2 years
N315UP,26 years
N310UP,26 years
N361UP,9 years
N301UP,27 years
N352UP,11 years
N337UP,13 years
N316UP,25 years
N320UP,25 years
N335UP,13 years
N358UP,9 years
N334UP,21 years
N368UP,3 years
N342UP,12 years
N314UP,26 years
N377UP,1 year
N349UP,11 years
N371UP,3 years
N375UP,2 years
N322UP,25 years
N373UP,2 years
N331UP,23 years
N339UP,13 years
N354UP,10 years
N367UP,3 years
N346UP,11 years
N370UP,4 years
N325UP,24 years
N332UP,21 years
N317UP,25 years
N323UP,25 years
N353UP,10 years
N313UP,26 years
N305UP,27 years
N344UP,11 years
N356UP,10 years
N311UP,26 years
N340UP,12 years
N347UP,11 years
N304UP,27 years
N360UP,9 years
N326UP,24 years
N341UP,12 years
N448UP,28 years
N348UP,11 years
N312UP,26 years
N583UP,29 years
N272UP,29 years
N281UP,30 years
N254UP,29 years
N276UP,27 years
N280UP,26 years
N126UP,22 years
N329UP,23 years
N366UP,3 years
N171UP,17 years
N330UP,23 years
N355UP,10 years
N303UP,27 years
N350UP,11 years
N149UP,20 years
N309UP,26 years
N365UP,3 years
N161UP,19 years
N359UP,9 years
N131UP,22 years
N308UP,26 years
N133UP,22 years
N345UP,11 years
N336UP,13 years
N289UP,31 years
N328UP,24 years
N372UP,2 years
N351UP,11 years
N343UP,12 years
N357UP,10 years
N364UP,19 years
N363UP,19 years
N270UP,28 years
N374UP,2 years
N302UP,27 years
N327UP,24 years
N338UP,13 years
N369UP,3 years
N122US,22 years
N654AW,23 years
N712US,23 years
N805AW,23 years
N716UW,23 years
C-FEJY,17 years
C-FRQM,17 years
C-FRQW,17 years
C-FEKJ,17 years
C-FEJP,17 years
C-FUJE,13 years
C-FEKD,17 years
C-FEJL,17 years
C-FXJC,14 years
C-FUJA,14 years
C-FEJC,17 years
C-FEJF,17 years
C-FRQP,16 years
C-FFYG,17 years
C-FEKS,17 years
C-FEKI,17 years
C-FRQN,17 years
C-FRQK,17 years
N198UW,10 years
OE-LAE,22 years
OE-LAZ,23 years
OE-LAY,24 years
OE-LPB,24 years
CS-TOP,14 years
CS-TOO,15 years
CS-TUN,3 years
CS-TUA,4 years
CS-TUG,4 years
CS-TUP,3 years
CS-TUF,4 years
CS-TUC,4 years
CS-TUM,3 years
CS-TUR,3 years
CS-TUO,3 years
CS-TUK,3 years
CS-TUI,4 years
CS-TUS,3 years
CS-TUB,4 years
CS-TUL,4 years
CS-TUH,4 years
CS-TUQ,3 years
CS-TXF,2 years
CS-TXJ,1 year
CS-TXC,3 years
CS-TXG,2 years
CS-TXE,3 years
CS-TXI,1 year
CS-TXK,Brand new
CS-TXB,3 years
CS-TXA,4 years
CS-TXD,3 years
CS-TXH,1 year
CS-TUJ,3 years
CS-TUD,4 years
CS-TUE,4 years
SP-LSD,4 years
SP-LSF,3 years
SP-LSG,3 years
SP-LSB,5 years
SP-LSC,4 years
SP-LRF,9 years
SP-LSE,4 years
SP-LRB,10 years
SP-LRC,10 years
SP-LSA,5 years
SP-LRG,5 years
SP-LRD,9 years
SP-LRA,10 years
SP-LRH,5 years
SP-LRE,9 years
B-LRX,5 years
B-LRI,6 years
B-LXL,4 years
B-LQC,1 year
B-LXK,4 years
B-LQF,2 years
B-LQD,3 years
B-LQE,3 years
B-LRA,7 years
B-LRS,5 years
B-LRJ,6 years
B-LRR,5 years
B-LRE,6 years
B-LQA,3 years
N935DZ,11 years
N351NB,20 years
N6701,23 years
N512DN,4 years
N504DN,5 years
N507DN,5 years
N508DN,5 years
N509DN,5 years
N503DN,5 years
N502DN,5 years
N506DN,5 years
N510DN,5 years
N505DN,5 years
C-FCJP,23 years
C-FACJ,24 years
C-FCJF,21 years
C-GIAJ,36 years
C-GTCJ,30 years
C-GCJT,31 years
C-FKCJ,33 years
C-GCJB,23 years
C-FGKJ,31 years
C-GVAJ,31 years
C-GCJS,23 years
C-FKAJ,33 years
C-GAJU,24 years
N999YV,36 years
N881YV,36 years
N312DU,Brand new
N313DU,Brand new
G-STBA,12 years
HL8217,11 years
HL8208,13 years
HL7783,13 years
HL8274,10 years
HL8210,12 years
HL8275,9 years
HL8250,10 years
HL8218,11 years
HL8209,12 years
HL8216,12 years
HL7782,14 years
HL7202,5 years
HL8010,8 years
HL8009,7 years
HL8041,6 years
HL8011,8 years
HL8008,7 years
HL8347,3 years
HL8006,7 years
HL7204,5 years
HL8007,7 years
HL8042,6 years
HL7203,5 years
HL7205,4 years
HL7638,7 years
HL8346,4 years
CC-BBC,10 years
CC-BBJ,8 years
9Y-JAM,1 year
9Y-ANT,1 year
9Y-BAH,1 year
9Y-TTO,1 year
9Y-BAR,1 year
9Y-CAL,1 year
9Y-GRN,3 years
9Y-GUY,1 year
9Y-SUR,1 year
9Y-ANU,22 years
9Y-JMF,15 years
9Y-TAB,22 years
N315PE,6 years
N445AA,1 year
F-GSPP,22 years
F-GSPM,22 years
F-GSPY,21 years
F-GSPL,22 years
F-GSPJ,23 years
F-GSPE,24 years
F-GSPD,24 years
F-GSPG,24 years
F-GSPZ,21 years
F-GSPO,22 years
F-GSPQ,22 years
F-GSPX,21 years
F-GSPK,23 years
F-GSPN,22 years
F-GSPF,24 years
F-GSPA,25 years
F-GSPU,21 years
F-GZNT,7 years
F-GSQE,18 years
F-GSQP,16 years
F-GZNP,8 years
N568UW,9 years
N586UW,8 years
N534UW,13 years
N587UW,8 years
N916US,8 years
G-YMMH,22 years
D-AALN,3 years
D-AALJ,14 years
D-AALU,11 years
D-AALR,2 years
D-AALT,1 year
D-AALA,14 years
D-AALD,13 years
D-AALE,12 years
D-AALO,3 years
D-AALC,13 years
D-AALF,12 years
D-AALI,14 years
D-AALL,3 years
D-AALG,12 years
D-AALP,2 years
D-AALB,13 years
D-AALK,4 years
D-AALQ,2 years
D-AALM,3 years
D-AALH,12 years
N963AK,Brand new
N517AS,14 years
N583AS,15 years
N569AS,16 years
N306AS,22 years
N566AS,16 years
N559AS,16 years
N568AS,16 years
N302AS,22 years
N564AS,16 years
N318AS,19 years
N612AS,23 years
N611AS,23 years
N619AS,22 years
B-LJH,10 years
B-LJN,6 years
B-LJM,9 years
B-LJC,9 years
B-LJL,9 years
B-LJD,10 years
B-LJI,10 years
B-LJE,11 years
B-LJG,11 years
B-LJF,11 years
B-LJB,11 years
B-LJJ,10 years
B-LJK,9 years
B-LJA,11 years
EC-NEN,3 years
EC-NNH,3 years
EC-NRG,4 years
EC-NRH,4 years
LN-FNC,4 years
LN-FNB,3 years
LN-FND,5 years
LN-FNA,3 years
LN-FNG,4 years
LN-FNE,5 years
LN-FNI,4 years
LN-RKT,7 years
LN-RKS,7 years
SE-REH,4 years
LN-RKU,7 years
LN-RKN,19 years
SE-DMS,1 year
SE-DMR,1 year
SE-DMO,2 years
B-16729,6 years
B-16721,8 years
B-16726,7 years
B-16725,7 years
B-16720,8 years
B-16719,9 years
B-16727,6 years
B-16722,7 years
B-16723,7 years
B-16718,9 years
B-16728,6 years
B-16715,13 years
B-16717,13 years
C-FEIX,17 years
C-FXJF,13 years
C-FEIQ,17 years
C-FJBO,14 years
C-FEJB,17 years
C-GJNZ,2 years
C-GJZA,7 years
C-GUJZ,7 years
C-GGMI,11 years
C-GGND,11 years
C-GJZN,12 years
C-FFJA,18 years
N170US,22 years
N979UY,9 years
N102UW,24 years
N103US,24 years
N590AS,15 years
N942AV,Brand new
HK-5410,Brand new
N779AV,4 years
HK-5409,Brand new
N958AV,9 years
N956AV,9 years
N750AV,7 years
N477AV,10 years
N742AV,7 years
N862AV,11 years
A7-BBE,13 years
A7-BBC,13 years
A7-BBB,14 years
A7-BBA,14 years
A7-BBF,13 years
A7-BBH,12 years
A7-ALY,5 years
A7-ALS,5 years
A7-ALQ,5 years
A7-ALR,5 years
A7-AMJ,4 years
A7-BAA,15 years
A7-BAQ,12 years
A7-BAK,13 years
A7-BAJ,13 years
A7-ALJ,7 years
A7-ALK,6 years
JA788A,12 years
JA793A,4 years
JA784A,13 years
JA795A,4 years
JA797A,3 years
JA794A,4 years
JA785A,13 years
N589AS,15 years
N531AS,12 years
N596AS,15 years
N597AS,15 years
N594AS,15 years
XA-VLO,7 years
XA-VRH,4 years
N530VL,5 years
N526VL,8 years
XA-VRA,6 years
XA-VRF,4 years
XA-VRI,4 years
N531VL,5 years
N520VL,10 years
XA-VLX,6 years
XA-VLE,8 years
XA-VOZ,9 years
N508VL,11 years
N509VL,11 years
XA-VRC,6 years
N543VL,3 years
N534VL,5 years
XA-VLL,7 years
N541VL,3 years
XA-VRD,5 years
XA-VRE,4 years
XA-VLD,9 years
XA-VRR,2 years
XA-VRK,3 years
N515VL,10 years
N513VL,10 years
XA-VLQ,7 years
XA-VLM,7 years
XA-VRP,2 years
N528VL,6 years
N529VL,6 years
XA-VLN,7 years
N532VL,5 years
N525VL,8 years
N539VL,4 years
N533VL,5 years
XA-VLS,7 years
XA-VRS,2 years
XA-VRT,2 years
XA-VLP,7 years
XA-VRL,3 years
XA-VRQ,2 years
XA-VRN,3 years
XA-VLK,7 years
N510VL,10 years
N538VL,4 years
XA-VLR,7 years
XA-VLC,9 years
N519VL,10 years
N536VL,4 years
N511VL,10 years
XA-VRJ,4 years
N522VL,9 years
B-20AC,3 years
B-7185,7 years
B-7183,7 years
B-209Y,4 years
B-2049,7 years
B-2008,8 years
B-2048,8 years
B-20C5,3 years
B-20CK,3 years
LX-VCM,7 years
LX-ECV,14 years
N517DZ,1 year
B-7369,7 years
B-7343,7 years
B-2023,7 years
B-2002,8 years
B-2022,7 years
B-7365,6 years
B-7347,7 years
B-2021,7 years
B-2025,7 years
B-2005,8 years
B-7881,6 years
B-7868,6 years
XA-AMM,8 years
XA-AMA,10 years
N875AM,8 years
XA-AME,9 years
XA-AMV,7 years
XA-DRC,16 years
XA-AMC,9 years
XA-AMO,8 years
N950AM,16 years
N845AM,8 years
N368AR,11 years
N905AN,24 years
HP-9903CMP,4 years
HP-9919CMP,Brand new
HP-9905CMP,4 years
N741AV,7 years
N599AV,12 years
N755AV,6 years
UK78702,6 years
UK78706,3 years
UK32023,2 years
UK32021,4 years
UK32101,1 year
UK32102,1 year
UK32019,11 years
UK67003,11 years
UK32103,1 year
UK67006,9 years
UK67004,11 years
UK32022,4 years
N689TA,10 years
N821AV,11 years
N961AV,13 years
N939AV,11 years
N686TA,10 years
N451AV,13 years
N763AV,11 years
N632AV,9 years
N446AV,13 years
N664AV,14 years
N426AV,13 years
N980AV,13 years
N685TA,11 years
N567AV,12 years
N493TA,16 years
N769AV,5 years
N788AV,3 years
N522TA,10 years
B-2087,11 years
HP-9915CMP,1 year
HL7420,27 years
HL7419,28 years
HL7620,23 years
HL7421,27 years
HL7413,31 years
HL7436,21 years
HL7616,18 years
HL7415,30 years
HL7423,25 years
HL7417,29 years
G-DHLA,24 years
G-DHLF,13 years
G-DHLE,13 years
G-DHLG,13 years
G-DHLC,23 years
N562AV,10 years
HK-5318,4 years
N957AV,9 years
HK-5319,3 years
HK-5335,3 years
HK-5407,8 years
HK-5425,6 years
N951AV,14 years
N230AC,14 years
N345AV,12 years
N688TA,10 years
HK-5273,4 years
N253AC,14 years
HK-5422,7 years
N411AV,13 years
HK-5320,3 years
HK-5408,4 years
N281AV,13 years
N416AV,13 years
N960AV,8 years
N195AV,10 years
N954AV,14 years
N481AV,12 years
N401AV,13 years
N536AV,10 years
N992AV,13 years
N4304,13 years
N955AV,14 years
N411AE,12 years
N284AV,13 years
N398AV,13 years
N538AV,10 years
N376UP,1 year
N324UP,24 years
N307UP,26 years
N318UP,25 years
N174FE,4 years
N119FE,3 years
N121FE,7 years
N129FE,7 years
N288FE,Brand new
N198FE,1 year
N185FE,2 years
N137FE,6 years
N296FE,4 years
N165FE,4 years
N144FE,6 years
N126FE,7 years
N281FE,Brand new
N147FE,5 years
N285FE,Brand new
N150FE,5 years
N199FE,1 year
N160FE,5 years
N123FE,7 years
N274FE,2 years
N272FE,2 years
N164FE,4 years
TF-ISH,24 years
N586AS,15 years
N964AK,Brand new
N537AS,11 years
N614AS,23 years
N613AS,23 years
N622AS,22 years
N615AS,23 years
N536AS,11 years
VT-ALK,15 years
VT-ALR,13 years
VT-ALQ,13 years
VT-ALS,13 years
VT-ALH,13 years
VT-AEF,15 years
VT-ALG,13 years
VT-ALF,13 years
VT-AEG,14 years
VT-AEH,14 years
VT-ALN,14 years
VT-ALM,14 years
VT-ALP,13 years
VT-ALT,12 years
VT-ALX,5 years
N384HA,11 years
N379HA,7 years
N382HA,12 years
N375HA,8 years
N383HA,12 years
N378HA,8 years
N385HA,11 years
N396HA,9 years
N390HA,10 years
N388HA,11 years
N361HA,5 years
N389HA,10 years
N360HA,6 years
N373HA,8 years
N386HA,11 years
N380HA,13 years
N395HA,9 years
N374HA,8 years
N392HA,10 years
N399HA,9 years
N391HA,10 years
N381HA,13 years
N370HA,9 years
B-2091,8 years
B-2093,7 years
B-2096,9 years
B-2098,8 years
B-2097,9 years
B-2095,9 years
B-2092,8 years
B-222S,Brand new
B-2094,7 years
5Y-KZB,8 years
5Y-KZC,8 years
5Y-KZA,9 years
5Y-KZH,7 years
5Y-KZE,8 years
5Y-KZF,8 years
5Y-KZD,8 years
CC-BGF,7 years
PT-MUH,10 years
PS-LAA,3 years
PT-MUA,14 years
CC-BGL,6 years
CC-BGN,5 years
CC-BGH,7 years
PT-MUB,14 years
CC-BGE,7 years
PT-MUE,10 years
PT-MUF,10 years
CC-BGD,7 years
PT-MUG,10 years
PT-MUC,14 years
PT-MUI,9 years
PT-MUJ,9 years
CC-BGK,7 years
PT-MUD,14 years
CC-BGM,6 years
PT-MOD,10 years
CC-BGJ,7 years
CC-BGI,7 years
CC-BGA,8 years
CC-BGP,3 years
VT-ALJ,15 years
VT-ALO,13 years
VT-ALU,12 years
TC-MCM,15 years
TC-MCN,15 years
TC-MCZ,10 years
C-GVZB,19 years
N320AS,19 years
N557AS,16 years
B-LQB,3 years
B-LRG,6 years
B-LRP,6 years
B-LRF,6 years
B-LRQ,6 years
B-LRB,6 years
B-LRD,6 years
B-LRV,5 years
B-LRM,6 years
B-LRK,6 years
B-LRT,5 years
B-LRO,6 years
B-LRN,6 years
B-LXH,4 years
B-LXI,4 years
N768CK,16 years
N745CK,24 years
N709CK,30 years
N744CK,29 years
N742CK,33 years
N743CK,30 years
N708CK,31 years
N701CK,22 years
N707CK,30 years
N713CK,20 years
N740CK,33 years
N710CK,25 years
N716CK,24 years
D-ALMA,8 years
D-ALMD,12 years
D-ALEJ,6 years
D-AJFK,9 years
D-ACVG,13 years
EI-HEB,27 years
EI-HEA,27 years
LX-VCB,11 years
LX-VCC,12 years
LX-VCG,10 years
LX-VCK,9 years
LX-VCA,13 years
LX-VCI,9 years
LX-VCJ,9 years
LX-VCH,10 years
LX-VCE,11 years
LX-VCN,6 years
LX-VCF,10 years
LX-VCD,11 years
YU-ARB,14 years
YU-ARC,11 years
EC-NHM,14 years
EC-NUI,14 years
EC-MMY,6 years
EC-MMX,6 years
EC-MOM,6 years
EC-MLT,6 years
EC-MPE,6 years
EC-NBX,4 years
EC-NVZ,9 years
EC-MTI,5 years
EC-MSZ,5 years
EC-MIG,7 years
EC-NZG,9 years
EC-NVX,5 years
EC-MIH,6 years
EC-MNS,6 years
EC-NXA,8 years
EC-NVY,5 years
EC-NBM,4 years
N690CA,18 years
N659CA,18 years
ZK-NZQ,4 years
ZK-NZN,4 years
ZK-NZM,5 years
ZK-NZL,5 years
ZK-NZR,3 years
ET-ATL,6 years
ET-ASG,8 years
ET-ARE,8 years
ET-ATI,6 years
ET-ATK,6 years
ET-AOP,10 years
ET-ATJ,6 years
ET-ASH,8 years
ET-AOV,8 years
ET-AOR,10 years
ET-AOS,10 years
ET-AOU,9 years
ET-ARF,8 years
ET-ASI,8 years
ET-AOO,9 years
ET-AOT,9 years
ET-AOQ,10 years
D-AIGV,23 years
D-AIGM,26 years
D-AIGL,27 years
D-AIGO,24 years
D-AIGY,22 years
D-AIGX,22 years
D-AIFF,21 years
D-AIGW,23 years
D-AIFD,22 years
D-AIGU,23 years
D-AIGZ,22 years
D-AIGT,23 years
D-AIKQ,11 years
D-AIKI,17 years
D-AIKG,18 years
B-18053,8 years
B-18051,8 years
B-18003,7 years
B-18052,8 years
B-18007,7 years
B-18001,8 years
B-18005,7 years
B-18055,8 years
B-18006,7 years
N362CM,34 years
N372CM,30 years
N317CM,34 years
N371CM,28 years
N767AX,40 years
N760CK,33 years
N390CM,20 years
N220CY,32 years
N391CM,20 years
N226CY,31 years
N651GT,39 years
N364CM,33 years
VP-CIX,4 years
VP-CIW,4 years
VP-CIZ,1 year
D-AEAJ,30 years
EI-OZL,29 years
EI-OZM,29 years
B-LIE,14 years
A7-BFP,4 years
A7-BFV,2 years
A7-BFB,12 years
A7-BFT,3 years
A7-BFM,5 years
A7-BFH,8 years
A7-BFD,11 years
A7-BFG,8 years
A7-BFX,2 years
A7-BFJ,6 years
A7-BFQ,3 years
A7-BFL,6 years
A7-BFE,9 years
A7-BFA,13 years
A7-BFU,3 years
A7-BFS,3 years
N548VL,Brand new
N503VL,15 years
N514VL,10 years
N518VL,10 years
N504VL,14 years
N545VL,1 year
N508KZ,14 years
N860GT,1 year
N404KZ,16 years
9H-AKA,28 years
9H-AKF,28 years
TF-AMB,26 years
TF-AMA,28 years
TF-AMR,28 years
RP-C3501,4 years
RP-C7776,13 years
RP-C7772,9 years
RP-C7775,10 years
RP-C7782,5 years
RP-C7778,6 years
RP-C7773,10 years
RP-C7779,6 years
RP-C7777,13 years
RP-C7774,10 years
RP-C3508,4 years
HL8046,6 years
HL8043,6 years
HL8045,6 years
HL8077,5 years
HL8251,11 years
HL8252,10 years
HL8005,8 years
HL8076,6 years
HL8075,7 years
HL8285,9 years
HL8226,10 years
HL8044,6 years
N966AV,Brand new
LX-WCV,15 years
LX-GCL,18 years
LX-RCV,23 years
LX-YCV,14 years
LX-UCV,19 years
LX-ICL,21 years
G-DHLO,10 years
G-DHLK,10 years
G-DHLJ,10 years
G-DHLL,27 years
G-DHLY,1 year
G-DHLM,28 years
G-DHLN,23 years
N513DZ,4 years
N514DN,3 years
B-2409,28 years
B-2475,17 years
B-2476,17 years
4X-EDM,3 years
4X-EDE,4 years
4X-EDK,3 years
4X-EDD,5 years
4X-EDJ,4 years
4X-EDB,5 years
4X-EDC,5 years
4X-EDA,5 years
4X-EDI,4 years
4X-EDH,4 years
4X-EDF,4 years
B-LXC,4 years
B-LXF,4 years
B-LXO,2 years
B-LXA,5 years
B-LXM,2 years
B-LXR,Brand new
B-LXP,Brand new
B-LXQ,Brand new
B-LXE,4 years
B-LXG,4 years
B-LXD,4 years
B-LRU,5 years
B-LRC,6 years
B-LXB,4 years
JA16KZ,9 years
JA12KZ,13 years
JA15KZ,9 years
JA18KZ,8 years
JA14KZ,10 years
JA13KZ,12 years
JA17KZ,9 years
9H-SZN,4 years
EC-MQM,22 years
9H-SOL,20 years
9H-TQY,25 years
EC-NOF,17 years
9H-LEON,16 years
N725QS,7 years
C-GSKG,38 years
C-GSKA,38 years
C-GSKM,39 years
N455AN,1 year
N416MC,20 years
N446MC,19 years
N487MC,20 years
N760SK,17 years
N651AW,24 years
N467AL,Brand new
N407AN,3 years
N401AN,4 years
N290FE,Brand new
N286FE,Brand new
N159FE,5 years
N192FE,2 years
N187FE,2 years
N139FE,6 years
N181FE,3 years
N128FE,7 years
N158FE,5 years
N264FE,Brand new
N287FE,1 year
N684FE,23 years
N721FD,34 years
N724FD,33 years
N650FE,29 years
N733FD,29 years
N664FE,27 years
N690FE,16 years
N748FD,31 years
N651FE,29 years
N730FD,30 years
N688FE,16 years
N667FE,26 years
N652FE,29 years
N680FE,24 years
N689FE,16 years
N731FD,29 years
N151FE,5 years
N828QS,1 year
HP-9902CMP,4 years
N826SK,4 years
TC-MCC,28 years
SU-GDN,12 years
SU-GDP,12 years
SU-GDR,12 years
SU-GDM,13 years
SU-GDL,13 years
SU-GEU,3 years
SU-GEW,3 years
SU-GET,3 years
SU-GER,4 years
SU-GES,4 years
SU-GEV,3 years
SU-GDO,12 years
JA740J,14 years
JA743J,13 years
JA840J,8 years
JA732J,20 years
JA845J,6 years
JA841J,7 years
JA739J,14 years
JA844J,6 years
JA741J,13 years
JA842J,8 years
TC-LNE,7 years
TC-JOF,8 years
TC-LNC,7 years
TC-JNH,12 years
TC-JOJ,7 years
TC-JOI,8 years
TC-JOH,8 years
TC-JNN,12 years
TC-LNG,6 years
TC-JNR,11 years
TC-JNL,12 years
TC-JNS,9 years
TC-JNT,9 years
TC-JNO,11 years
TC-JNK,12 years
TC-JNM,12 years
HL8381,3 years
HL8382,3 years
HL8362,3 years
HL8359,4 years
HL8361,3 years
HL8308,4 years
N466CA,43 years
N663AA,44 years
N751CA,44 years
N402VN,42 years
N722CA,4 years
N18VV,42 years
N385CA,44 years
N6879R,42 years
N6875D,42 years
N763EA,42 years
N548GA,41 years
N375R,42 years
N494BC,43 years
N4630N,45 years
N1055,43 years
N706CA,44 years
N6813J,41 years
C-FEJD,17 years
C-FEKH,17 years
C-GGFJ,10 years
C-GVJZ,7 years
C-GJZX,7 years
C-GGMZ,11 years
C-GGMN,11 years
C-GGNY,11 years
C-GJZF,15 years
JA735J,16 years
JA737J,15 years
JA742J,13 years
JA736J,16 years
JA733J,17 years
JA731J,20 years
JA734J,17 years
JA738J,14 years
HL7622,10 years
HL7627,9 years
HL7621,10 years
HL7614,12 years
HL7628,9 years
HL7644,5 years
HL7637,6 years
HL7630,7 years
HL7642,6 years
HL7632,7 years
HL7636,7 years
HZ-AK39,6 years
HZ-AK24,8 years
HZ-AK23,8 years
HZ-AK43,6 years
HZ-AK26,8 years
HZ-AK41,6 years
HZ-AK29,7 years
HZ-AK27,7 years
HZ-AK37,6 years
HZ-AK36,6 years
HZ-AK38,6 years
HZ-AK28,7 years
HZ-AK33,6 years
HZ-AK30,7 years
HZ-AK34,6 years
HZ-AK35,6 years
HZ-AK25,8 years
HZ-AK14,11 years
HZ-AK15,10 years
HZ-AK40,6 years
HZ-AK31,6 years
HZ-AK13,11 years
HZ-AK16,10 years
JA798A,3 years
JA796A,3 years
JA792A,8 years
JA787A,12 years
B-16787,1 year
B-16789,1 year
B-16788,1 year
B-16782,5 years
B-16786,3 years
B-16781,5 years
B-16785,4 years
B-16783,4 years
N552UW,11 years
N669CA,18 years
F-GZNS,7 years
C-FNJZ,17 years
N657AW,23 years
F-GZNI,12 years
F-GZNQ,8 years
F-GZNK,12 years
F-GZNJ,12 years
F-GZNH,12 years
OO-SFJ,17 years
OO-SFX,13 years
OO-SFD,14 years
OO-SFB,15 years
OO-SFF,12 years
OO-SFH,17 years
OO-SFE,14 years
OO-SFC,15 years
N576UW,9 years
CC-BBH,8 years
CC-BBG,8 years
CC-BBB,10 years
CC-BBA,10 years
CC-BBD,9 years
CC-BBE,9 years
CC-BBF,8 years
CC-BGC,7 years
CC-BBI,8 years
CC-BGG,7 years
CC-BGB,8 years
9V-SKY,5 years
9V-SKW,5 years
9V-SKM,12 years
9V-SKR,11 years
9V-SKZ,5 years
4X-ERB,3 years
CC-CXI,13 years
CC-CWV,15 years
CC-CXG,14 years
CC-CXH,14 years
CC-CXC,15 years
CC-CXJ,13 years
CC-CXF,14 years
CC-CWY,15 years
CC-CWF,17 years
CC-BHE,3 years
CC-BFF,10 years
CC-BFX,8 years
CC-BFM,10 years
CC-BHC,4 years
CC-BHF,8 years
CC-BFR,9 years
CC-BFJ,10 years
CC-BFT,9 years
CC-BJD,9 years
CC-BHA,5 years
CC-BFI,10 years
CC-BFG,10 years
CC-CQO,14 years
CC-BHB,5 years
CC-BAE,12 years
CC-BFS,9 years
CC-BFV,9 years
CC-BJF,9 years
CC-CPL,16 years
CC-BCD,11 years
CC-BLE,9 years
CC-BFH,10 years
CC-BHD,3 years
CC-CPO,16 years
CC-BFN,10 years
CC-CYJ,14 years
CC-BFO,9 years
CC-CPI,17 years
CC-BFL,10 years
TC-JNJ,12 years
4X-ERA,3 years
N26156,44 years
N401SX,42 years
N514NC,42 years
N3292M,43 years
N290CA,43 years
N160PB,42 years
N524CA,42 years
N2651S,43 years
UK78703,5 years
UK78705,3 years
UK78701,6 years
UK78704,4 years
N913CK,48 years
N357CK,43 years
N73CK,-
N325NW,43 years
N295CK,43 years
HZ-AK42,6 years
N351AF,11 years
N531AF,8 years
N918AF,4 years
N835AF,5 years
N894AF,4 years
N243AF,13 years
N653AF,7 years
OE-IFK,14 years
OE-IFM,14 years
OE-IFD,18 years
OE-ILC,22 years
OE-IFB,19 years
XA-LRC,36 years
XA-GGL,31 years
XA-EFR,35 years
XA-UYR,30 years
